logm,b1,b0,b2
0.9269658723315355,0.39593145434659555,0.42358530914586456,-0.2758620938204718
1.0224794524715088,0.2491447136340055,0.2701518285340122,0.01475427588646427
1.1976723872404333,0.3149167358824708,0.31693797959840764,0.1339253429183802
1.2317001328332555,0.2837009148050995,0.3246426201044327,0.2713278462076105
1.7760146477280878,0.06859521573821345,0.10736751520371027,0.48533103818508405
1.430123334102402,0.2772694047477019,0.32165316617900097,0.08260068393432193
1.404793172992258,-0.15248595171116036,0.10969762199594603,0.7560076955557555
0.8357812143469889,-0.09006269086078209,-0.029763449438464543,0.8353503992986637
1.2211270172837843,0.2942348944321866,0.25427854380567355,0.29813051515098177
0.9421811716865013,0.04665740830897558,-0.058958192250790756,1.0345221599736871
0.88871485266177,0.055348169792366425,0.2747678961527803,0.5352894094779941
1.262136056234152,0.32052910956550923,0.16664226827315082,0.4869630000191404
1.3779662414184028,0.19455162558498443,0.04717580390218379,0.5820458949604623
1.1998121790668592,0.2123382053906696,0.3439383819551336,0.09725208242351752
1.2060536344558859,0.6218153966101523,0.9939388015340169,-1.2764136879324137
1.2532751707705914,0.3212520371409615,0.32789880455112286,0.1811743077391359
1.362767189154606,0.22766196192421323,0.34123015251721356,0.20114167502216732
1.2773551048989562,-0.053674990862696934,-0.368658180401331,0.5522847379740663
0.7219626729114674,0.4568352494275079,0.7108078720386615,-0.3243033445743182
0.9698287334305208,0.3351818861766274,0.336529029433707,0.3158544701029664
0.9531720733804693,0.005593127358622706,0.04070989687108173,1.5014992775906113
1.2742098094164054,0.3275490344976987,0.18744243930338622,0.2570491658109584
1.0444074314811895,0.28811192601507074,0.2094630664470883,0.14894064328880816
0.9965465283851382,0.7986490975797086,0.7328976659725542,-0.566444434491524
1.5049386198980512,0.24865659614422822,0.1965853263309596,0.11372089116197759
1.4479534026203709,-0.005963183316007056,0.06588101100042212,-0.010441670521176663
1.7434934988995527,0.3678773366213939,0.23138337214182159,0.3787362843018225
1.1191420279738922,0.4428486372568884,0.7174092883393195,-0.46907756985484317
1.1536395815203626,0.40118564954925573,0.2021565662130998,0.2199573356361641
1.1263492326564781,0.20538398446462824,0.22359607468045184,-0.02202703422889138
1.1871233414577969,-0.0027043709979093188,-0.21283399605868336,0.8304015103861072
1.2277110561073519,0.1363229513465185,0.21494641114414373,0.35950636656152796
0.8699424504230899,0.24390543648273483,0.3363422653193018,0.014258374144581415
1.2285017795601936,-0.0010436947304682258,0.023632320543487642,0.4625647055465738
1.1821675205434556,0.16107140338431533,0.14925077613859483,0.47033059653982434
1.339848947778203,0.09373867405416049,0.4237633268058927,0.39150407417465616
1.3171944293988247,0.00930480553954741,0.08968972895528732,0.9227787261082265
0.8875373646506102,0.464681993621343,0.7467975794576422,-0.264399841005039
1.0231905615085102,0.17568195711372936,0.06602869292338745,0.524145101433023
1.3716878368401941,0.24719879055823463,0.028484960466462074,0.5904850339684156
1.2391803069517948,0.166517950937201,0.5113337677893046,0.2366846586732666
1.427581422532388,0.2813760405571356,0.41237474098365473,-0.01769346100038252
0.6711581593700598,0.6851513558632765,1.0553343517736011,-0.6995462804858128
1.1158909570934592,0.022057929934371088,-0.25758163776104126,0.9116009156921294
1.2771817805232493,0.15409870122309063,-0.031920987308901604,0.6203940754107566
1.2378699587370408,0.03693939026103887,0.07863706205687931,0.9833500188903955
0.866866137874347,-0.24406635493905382,-0.29272160928630314,1.9043057893141702
1.4017800402064802,0.22202980456100604,0.6052844390802912,-0.3555158703184566
1.303923822944319,0.16460608034525706,0.08148188828674005,0.4734117257080792
0.9632402967258112,0.1089681546296574,-0.0599047519254943,0.7829143478059624
1.313673529414623,0.20487146655827082,0.15580260403764962,0.5371601182429513
0.9456303613892367,0.05338578892412735,0.019652551008801644,0.5120356904784626
0.7738490924239865,0.337163964769679,0.6838449205561866,-0.16241562062124737
0.9092931348468472,0.1096944257769186,0.3335684843791158,0.7043834471560391
1.1913288337132766,0.33056699535718304,0.2817270861564679,0.002757094901255144
1.3110197799433125,0.3391863166308888,0.3775930390430472,-0.19872379295309792
1.5410995381797559,0.2755428434206955,0.02083590035433546,0.20409573758508648
1.076101377221343,0.4908821863990728,0.28930260989740103,0.37265455237325984
0.9931340375420645,0.4451537728329181,0.5490285653052847,-0.2750145239771925
1.1454666036750074,0.24843784511745134,0.09152153403761434,0.35753894517694673
1.1291352359634594,0.527175612222853,0.582520827825955,-0.30793085627981537
1.2956900902132622,0.21540041314649014,0.05705634215464911,0.5805537989204447
1.13026734966284,0.6388789492724154,0.9999719255223728,-0.885330498487578
1.192441819216927,0.13565987320078116,0.48074750252188936,0.029244189632708476
1.065274403827172,0.5480587585842996,0.8176462186325331,-0.4943198563462363
1.092985133406458,0.09741287466870281,-0.46510073014685815,1.1787922768589316
1.1786107146832694,0.22514728003559153,0.41203324438102407,0.17305168268505677
1.2196933639108642,0.2698401492129081,0.44327938353687957,-0.14242029881188362
1.3832536762341516,0.14397931793381155,-0.08077331958622455,0.7734203240697111
0.7020349322900283,0.2503127363935271,0.4778983999178474,0.1787727640169873
1.3700760876667837,0.00675250818390285,0.0028704866750441623,0.46780629158388676
0.9686653187557202,0.49310387945081346,0.5436752658974344,-0.614900809443985
1.2340750934274385,0.15231613278718192,0.14211613305579746,0.6950192151600867
1.3502207710858793,0.3278393885667421,0.3826228398051577,0.09545792052165819
1.2417505400001212,0.1497540327423133,0.06187773619457475,0.5602991234143628
1.1648603223866862,0.29010620713794216,0.563704180445181,0.04635715590164003
1.3755536287816015,0.24922369174699377,-0.03564459525908172,0.2177364492692626
1.2356193241020197,0.30024955599353376,0.08879438299127813,0.4060119372337704
1.2488560149546326,0.09373033023048329,0.32606759980255834,0.45032298855322894
0.9052805765549401,0.10595268833987845,-0.06292531794125589,0.6646098327507926
1.107697027539694,0.3738122974112605,0.12148548190398659,0.1647953239506711
1.022039308155068,0.2370350995906189,0.24096901364427478,0.6041803159787247
1.268737889132523,0.11145964894082294,0.13194844452105647,0.5096245672017776
0.9996260970921882,0.13758902008996662,0.07133154273473313,0.5130699584877324
0.9473528769180377,0.171091332118605,0.07669250798885421,0.4291368786139629
1.3653045477309549,0.29241262836374715,0.47310513692740175,-0.08835028959937913
1.0061011890448295,0.137530440328679,0.11733455051045469,0.5308123588236089
1.2947950624742106,0.12044172762853966,-0.0335557671129414,0.5448681839911179
0.8903194796669631,-0.05467991010990368,0.04803407241165481,1.239881591862231
1.316742307384139,0.18198337093466466,0.4434685469906193,-0.1770902718894065
1.4824040817588653,0.14362193256157413,0.17327457104602567,0.15286975430763078
1.1454337300193145,0.2657394154678783,-0.18335207721143088,0.887951635237427
1.1653719358685508,0.12128125090035397,0.13731672696664426,0.6419357526407683
0.9763455793839071,0.28176042954759384,0.06510738034133146,0.6225653343496794
0.7917270368410056,0.42509424727847,0.16511066765248436,0.6535525751904483
0.9975200021856495,0.19435719196408646,0.1393481429962884,0.5172278953122614
1.3430350405581721,0.41944112692629865,0.19452958506741053,0.12270632349167929
1.1796977610808557,0.2468640812660906,0.22910013102796606,0.2772404578622222
0.6716321785344386,0.6321727059320299,0.7795470795527824,-0.5806934567657409
0.988134492332585,0.2405004758095668,-0.05034616270843834,0.21107559932127182
1.2195138036435789,0.3558078382076812,0.23149476698861027,-0.1483897024834912
0.9743183763953381,0.2988958896627669,0.10443544979586517,0.06097175491635362
1.2652562336302513,0.1806624341744687,0.1803085651144305,0.20606330699892933
1.2621743723947496,0.15147860351486808,0.11225536838877967,0.45095773753999807
1.0289561656613473,0.37371613318370756,0.7180884804886574,-0.3634496900870736
1.4769193378794676,0.2324732399413589,0.104746156572894,0.23596415217700734
1.667905974460115,0.2148666790699672,0.2864845240009959,-0.19771628922390672
1.193240112387844,0.010718069397168751,-0.1494746369916482,0.8582616673642272
1.6794678619254095,0.3322348342332677,0.35384888024896394,-0.44978055043973086
1.0296428948610838,0.26447904123663946,0.18582725967063607,0.41287549315625094
1.1887367928062345,0.17680939367646192,0.18434281921383,0.17863893046321552
1.3110926905713283,-0.04600608771014367,-0.13683398838350433,0.6921541782382443
0.6956649929010562,0.10352078892409411,-0.17698576113055625,0.6284513563959415
1.093609818553142,0.12265242533517473,-0.15298798598926228,0.9332394732333682
1.5853491271488682,0.17025519631733016,0.17868825279514777,0.601709649871552
1.1030775407078086,0.10252550634711556,0.3790610579603849,-0.20255617235466025
1.2101916231243632,0.4520032173552333,0.5646354917621308,-0.28875432408660223
1.1550878057323573,0.228502244400905,-0.24757261535433803,0.5417735855487857
1.0680389714947451,0.05381515246807911,0.0009299356689747939,0.9146015470570835
1.4790115937741666,0.047760420205874746,0.10196647856671731,0.6085388287060793
1.1556895992557348,0.14227635924478277,0.16195020474459815,0.6677593855636836
1.0985255460432137,-0.1387240255552699,-0.19843652372730192,1.4302921717899526
1.0112735956438874,0.4299916743956348,0.4179930990270395,-0.01821346619368907
1.0571915372564895,0.19099432302793018,0.44850717230694365,0.21270165471280586
1.2708427452223123,0.4709093919419611,0.4832268365358783,-0.6322716651183782
0.9360835787424457,0.3648178492351921,0.5173074940082336,-0.10127267762458343
1.1588785830713162,0.2918120891934071,0.32186962052530155,-0.15569257327064184
1.2140476157458047,0.18039293879219045,0.3890227649192616,0.12605878458562386
1.2659534778142998,0.20789005250044731,0.0011912289563269143,0.36758531521506443
1.1320046672133632,0.4101847208165194,0.26643193618839406,0.09631103927154233
1.5976857601708174,0.21606736934698112,0.25230544996251947,0.030742900789506117
1.094223155067585,0.2919804596458077,0.42015285489164345,-0.029107217938327705
0.9632562565494693,0.21331433039825437,0.27495081111029596,0.330516189043611
1.1127514566221448,0.01024827402113419,-0.11848176525433356,0.9997212677615861
1.4644630945868389,0.31846867788223326,0.45440296602088864,-0.030891560338032146
1.0395505913162588,0.18582561014078297,0.7591467227508979,-0.1837461751875455
1.0307715355187788,0.2435825599360502,0.37699493872711975,-0.09998959718305289
1.0321608476308235,0.12403809433302387,0.0751735641467448,0.22724497861054263
1.2496865347604686,0.04167691318108322,-0.019561441692756053,0.46791238451691497
0.9863277704383094,0.026675095156014628,0.04183212182032055,0.43406408253243345
1.5132684991743097,0.19266563957288685,0.16713102237317304,0.2044347324067397
1.3739019798981333,0.25993451253958677,0.06907480256083451,0.6041371487533003
0.9863585012349236,0.5727300710087231,0.21182536467381363,0.08996209343754016
1.1224730845898327,0.4202737256411928,0.34499819628762707,-0.4778303779703008
1.5083499380407985,0.10904371550180916,0.21831988341987252,0.24289518053287734
1.208725679679119,0.2379432754168141,0.5260687288995725,-0.11407843507806611
0.9447627441217421,0.5108477576829917,0.10174514733475899,0.23265202358632062
1.1890209918364836,0.03598794508372641,0.18967079173046653,0.6330823100033206
0.9943695900000888,0.15045668956970842,0.5720762070045899,0.05944736565331752
1.4194778977015496,-0.08623864228446769,0.017001449667186468,1.0183017275110795
1.2533307874547328,0.3477454817290945,0.4782425548083191,-0.1462740187193843
0.8623579954150896,0.18142209626004985,0.14221442754629254,0.22993719167785198
0.9978776046766937,0.14091472633991226,0.1172532053628447,0.4303238917234818
1.3276216033725565,0.09036843324997554,0.025582197203602025,0.738672653222054
1.0202039548989486,0.3370194855154074,0.32054848999476077,-0.009874138546132272
1.086975321285962,0.11567425413960505,0.01849457820575207,0.8308190880480004
1.3486467080525013,0.40951568387738607,0.5701258699308014,-0.08246309387120965
1.5029798032312232,-0.04561095751983939,-0.09618453942005911,0.9175674580133231
1.0117910586622647,0.028719497039225175,-0.157267505569733,0.9075541510191949
1.1171847768175631,0.5402536699210394,0.7771903512208644,-0.3304827751459969
1.02130319206286,0.3442002769750647,0.6963599802221514,-0.5985054005476658
0.9069749363249047,0.1705785952039052,0.02508655310700205,0.4188831877436271
1.5381792485764887,0.11267741956500077,0.031665217835262896,0.34530270869133617
1.198722250353929,0.38725881908105364,0.6333135321554951,-0.23459350437549986
1.3478885342900686,0.3594448287914148,0.14422504326350874,0.11936703610520628
1.3541712211616785,0.4328556279180829,0.8367751124519044,-0.28698157269110647
1.2239641715059824,0.11146451424393847,0.2136658487969394,0.3371301151380044
1.114494443919248,0.1730590983701812,0.08881412720877392,0.3769248616730376
1.0390441662756242,0.3544631227550679,0.4123148399414823,0.2173376075612075
0.9418016869428786,0.47059398084926907,0.2597762537137741,-0.03245486006493223
1.1775423629016408,0.37487222001257914,0.2852544952352416,0.23043431956953841
1.2075688319285423,0.056903648943959766,-0.1524480433828759,0.9944981872958256
1.1850989794351197,0.20939372441227228,0.2276691262077381,0.4667934453930511
1.6364732546430547,0.28528906268678583,0.2554839990947628,0.20576689071731372
1.191506435457955,0.28198612398204614,0.5508319899826615,-0.40087763939681487
1.2052338091035177,0.06738500990234535,0.1957618268482674,0.3037893860675417
0.9987898684403776,0.27533847593291505,0.3038102503552567,-0.1253571732426948
1.560214080978833,0.38170426048991424,0.5341736689358348,-0.4700878685579643
1.1999587963254872,0.2647053652984501,0.2524768733375017,0.1497650651194696
1.0733236988225265,0.2960129161930284,0.18151920489525528,0.35526839650412567
0.933269978708045,0.4049948909249688,0.41173742389982654,-0.41688031789000657
1.390607089038571,-0.035924462186550626,-0.41816007366555064,1.2570357542095305
1.112776668970431,0.3498459696928949,-0.05068348152842175,0.31235259498846757
1.332625934596006,0.09277628398949302,0.06061984708663028,0.5927215086554496
1.2407074749089637,0.30163670595955916,0.24017046751656174,-0.10772223041060362
1.2232297610796623,0.2597577946512146,0.1648657005303064,0.2919119117362926
1.0665689924306774,0.3102619274032955,0.420127406539566,-0.18340897529529754
1.1310492968944206,0.5480448991759416,0.3634047209274767,-0.16558103592963663
1.1750231420422006,-0.32413001416820836,-0.30007254329602584,1.6021394327353247
1.1735556186677474,0.37375482789552483,0.5915383930622724,0.015599209035711187
0.990799419501271,0.23655626958061543,0.11992410650967798,0.4762256838257176
1.399424994766384,0.0432623650870045,-0.017893083178728158,0.4610874206746556
1.0874408991939077,0.42401220537058987,0.6420171267580241,-0.25500305021905434
1.2348750391681316,-0.058287579352071434,0.024343712823381533,0.8690257264377619
1.1215899150278181,0.5511144606261635,0.35274831299858433,-0.015623410719199473
1.176293274875538,0.2552642039553326,0.05428155983314903,0.4019227631868143
1.0859551181575613,0.3952614415906192,0.38462851534097964,0.07249370255480148
1.2247366304753027,0.3710176842155587,0.24422395221542673,-0.1646753476009568
1.024428518981567,0.3584763865076301,-0.028338041349478232,0.6900349964385755
1.1992052700105111,0.2845481301352825,0.40321256623521085,0.21715103347180775
1.046730949786467,0.6511155414863689,0.48707562060498566,-0.5408268236340017
1.2559407927757347,0.19439773999196586,0.07917752728996261,0.3333421045605448
1.159172079819598,0.1217307957003304,0.2002444365289971,0.4926404578917587
1.4261738474896168,-0.03997046898542196,0.0432648470100654,0.6157070473074401
1.436140418093681,0.38488918839620845,0.523506804551831,-0.6984015950392282
1.1479754749544067,0.1614379162904169,-0.18328906471548578,0.46785063743414845
0.4910336475238675,0.8558993068993211,0.547891894825761,0.4886949230905452
1.0886998443630198,0.20290231714571338,-0.01405055540873847,0.7051847677636084
1.4326650061817334,0.12211913713599525,0.006789222523592351,0.4140508641985998
1.28946089454433,0.41676490593147847,0.3375402898578406,-0.35604561077364294
0.9069813350951978,0.08636793672409385,0.2214540098137773,0.33778923948498174
0.8030706687858091,0.23464845309392696,0.2152988807867972,0.38978940378630517
1.2491465693225798,0.46819369414152956,0.5905297987311545,-0.6196024853911468
0.8784576388023941,0.00955761946567288,0.3543900874951891,0.049988003318063315
1.2721852577767687,0.3643351339002656,-0.006965584195709853,0.5768918866408006
1.1335495295076383,0.09411375463414234,-0.02875227803252727,0.7460810160085632
1.2829354891791895,0.09670443111994445,0.20741744060202214,0.3586944507258013
1.21548500954989,0.29431244745086815,0.2725502518368884,0.3507449314681463
0.8850203362698172,0.25658951680675457,0.1395702728471054,0.36468073904376097
1.21214241669069,0.17464576111721403,0.25110629060936784,0.2364892583561649
1.164504719125461,0.1868043807170056,0.05945979129499121,0.4002297866184653
1.3356918602396899,0.36983081798630935,0.4163291006879509,-0.07923984346128544
1.2188352737088732,0.47347799863729245,0.24484784886749505,0.031763694974671644
1.0133242229816348,0.27270904669113427,0.36121242275988386,-0.138766738032129
1.2671971613496948,0.16175875513819307,0.20989322390235546,0.08728666391106293
1.1582363711255965,0.47123897402682835,0.5954474630635926,0.15992546968596189
1.166768991943527,0.19913718138623,0.05161009784266757,0.7257138887278956
1.1302009985882522,0.44381350240415574,0.2902782830679129,0.3397104628183283
0.9088618601799265,0.3521693568227881,-0.05949171579039632,0.6147602051063569
1.386489138302144,0.22218094631333868,0.28800513054847265,0.30195779841952036
1.1091032521340267,0.14852386480831437,0.07811150514025636,0.922275884349086
0.861035541245491,0.3253619631739246,0.04222203077185128,0.6842914847739991
1.1679169930618951,0.17113079527962344,0.0777451150566131,0.5152017455543847
1.305387014648643,0.3812252204199284,0.5460123418031735,-0.38366889568189566
1.5876602363417334,0.27479525469991295,0.4129590782419271,0.125744413413896
1.002407862321049,0.24711234380153022,0.4398066294946089,0.12640731550918147
0.9604310667786256,0.20076049488916553,0.3010195256887642,-0.07047844010931487
1.3362766218590476,0.5094340091267412,0.6004327883197116,-0.12420010510834834
1.2103846489519823,0.051870378405347,-0.07867486647905178,0.9033137141079295
1.0631224522991403,0.5673890392684658,0.24830161144027083,0.1120681511919287
1.276709475832046,0.08502664486706034,0.4046094294826393,0.12283719582814753
1.0945432195997218,0.22435602410040673,0.060729455898442156,0.6597962279766834
1.3385385123601605,0.15353988415891204,-0.022412543537544315,0.8973625116708075
1.2367300284486078,0.27343063770633635,0.42955461167764075,-0.03131194368548024
1.5628651808392389,0.1912599218967899,0.0001519371030344409,0.29395290140060865
0.5600127019345462,0.15997978802291707,0.5044301201455548,0.29624358186039
1.3183265415530314,0.34182465276423635,0.3331395291130397,0.394379616230321
1.053308038704663,0.11899893288121746,0.48392580229523063,0.34175782240058006
1.3052821094021154,0.1445947146545835,-0.22564546657461307,0.41631889529656074
1.317434121429937,0.34145715087189876,0.3521995245009711,0.010181821611334041
1.2265309344899662,0.2582257036604878,0.19380130170900084,0.3659969574549604
1.2845364237833907,0.1305413294706527,0.09153749649106202,0.8148645577905753
1.355896135835827,0.17126614509600901,0.0627580897248122,-0.13812219440993417
1.0495083795320226,0.2156520153084129,0.2938581057736003,0.1798940170672344
0.989145397860351,0.244851585773403,0.3711589999668855,-0.20116070858822643
0.8761574310877724,0.26015466086516004,0.2368801005947233,0.3202571536240177
0.928710515602816,0.3236368065770331,0.3058175965381964,0.05559795526634237
1.3869906477251153,0.459519940479179,0.47201735344417406,-0.22773150274937454
0.9191711533544751,0.2774987986936378,0.39203122924973643,0.17892534704759522
1.6280773188998365,0.2543094325863812,0.14417482028190481,0.19164247819353822
0.9625065843947858,0.5257736326668839,0.4691288834281499,-0.3346836499340824
1.2848077800701954,0.4287622976712283,0.31435175335831056,-0.44575097648402107
0.7027699699164494,0.3080013039360096,-0.054547500011911644,0.21719385404375607
1.5728241622686343,0.020307636454125172,0.01852275607056248,0.693573961495255
0.8154077255388139,0.22106709515821166,0.5155593557871261,0.3141121954130495
1.3160546839562475,0.5736166238774094,0.6529429284375059,-0.15606418905510938
1.0800700732158472,0.1847699213573853,0.08393986738039276,0.6029647931854043
1.269883764008807,0.237357843879151,0.11244998568388229,0.5146998541983996
1.2534931222502896,0.37850694936749707,0.719897502479392,-0.1394441896282106
1.4686426686979046,-0.00777524516271136,-0.0027004967271315496,0.7691816320755288
1.3008347674250398,0.3127351889450056,0.05069953331561223,0.6425745187520225
1.2164386779610057,0.07457658607552843,0.12272453223565802,0.3750933050132239
1.5544860786347225,0.17529420010126556,0.04965262368383746,0.4471415661100808
1.3030746968376936,0.37888607061062574,0.20137854423798562,0.23475942529739846
0.8641906397572443,0.13677015999073228,0.02381875219173813,0.8201890006438828
1.2851128026789955,0.24378993494934156,-0.0711332252218834,0.8727506875859754
0.8374723955767377,0.38244138918896653,0.7133916290899532,-0.44419387768754354
1.091215377132677,0.18330490178116357,0.05229091494152657,0.7588897128878704
0.903578768954043,0.7189190457086161,0.32469539870655,0.0140069845096558
0.8503550646297842,0.28446403311159474,0.07131391421727899,0.501837986779083
1.3384927635777055,0.6577567379930658,0.9635706956064538,-0.8862920216319323
1.3406296170373928,0.31196256725918037,0.36156796921375944,0.14694726228752686
1.2358291282797884,0.07629964551281138,0.1608896044703268,0.3888695555785778
1.0585095226567054,-0.0052823035777477476,0.19871906091300234,0.3260719780052941
1.0598203614141826,0.16118642983913564,0.5008484397788775,-0.2614531747508478
1.3013963430914677,0.26397160512567286,0.431277625647256,0.3070296301633931
1.428588717402333,0.2998860934982573,0.4932967230896689,-0.07640928613929263
1.2796838337612253,0.10312857962482597,-0.06544733048115264,0.43330727998156254
1.145365489623603,0.16544576637012445,0.10574070721833331,0.25756922883661637
1.1526039592444222,0.15172244782033992,0.09302558550109322,0.6219827312246301
1.0358846438922875,0.12481826676924451,-0.016020046444340685,0.8342000166956232
1.1275961202159472,0.374683759617387,0.47667175467024503,0.04763618778688069
1.2672016000586228,-0.11541896541328704,-0.11782392065233052,1.0009463784817942
0.9899373429592224,0.3871211858044828,0.5458328283257816,0.31301204579151176
1.41218461974253,0.10101553014927417,0.06323055484954017,0.6344685172852378
0.736897890273593,0.00630135116387526,-0.04610192247105003,0.8686574741237595
1.1830649865231297,0.1761749011606164,0.14266985647368097,0.6413281747434848
0.8726872513876758,0.24979048774300416,0.453564215015318,-0.2962300201076937
1.2465823681789139,0.34185887056463926,0.30218151281038186,0.2250346937382615
1.2156049616865516,0.3657759945467386,0.32489595073081856,-0.031227954263223542
1.439608798619205,0.19582607360355853,0.060409393702080816,0.5711413049432511
1.0973852043190844,0.32242631092836066,0.3298613413287836,0.021004030718762515
0.9683443998141319,0.5117263704987149,0.5737415857240733,-0.7411685557515844
1.3653110613368133,0.35509288164557173,0.2927837935403157,-0.13048776865097086
1.1441007976217556,0.44881596893214687,0.46663401388213693,-0.12523152241991967
1.2332280098803166,0.5627809459604978,0.687937377740198,-0.7052487865119512
1.2083963396913786,0.1561267769948734,0.13303841376677333,0.3020508161368909
0.8056796830394028,0.20406665576877908,0.2310141131867163,0.21860268717026318
0.7881967218249868,0.25540718577231925,0.5093864436188114,0.3259756515709481
1.2308585436524022,0.15973070517964072,-0.1394670183990888,0.680637630189374
1.4758840690441368,0.27560767134231956,0.044009903652274994,0.34721623098799204
1.007604754271939,0.17884971286018697,0.26076797104870625,0.6677612718929522
1.0569620461146996,0.21280098013310111,-0.07562244647817577,0.5310850283643637
1.0730687416471403,0.022815756497601238,0.3084678530171915,0.31085664559342036
1.4195294694020872,0.5491136230742114,0.6169119406714818,0.047926520181704256
1.3051514967803168,0.2986820428518622,0.17379447571318185,0.38113406950561046
1.308427848268934,0.20547509214213625,0.14602000187207953,0.5384153503354114
1.206927205756624,0.15006098537243576,0.047360261114911026,0.44418478090546326
1.161604737008004,0.21523599577208358,0.2479222720497234,0.23446215378285934
1.4271940507845016,0.509616091941069,0.2802221483197243,-0.16010938880537445
0.9080125278895397,0.3119357424143588,0.5741515912556386,0.16263763219722455
1.2295885811375835,0.422986312975248,0.4121030040911822,-0.21634044595974275
1.04411472591329,0.3893898111132693,0.49566988096678827,-0.14336835042114932
1.1452857003651333,0.7254595476586541,0.6635777786325379,-1.2482792228233923
1.4500214612869664,0.14233054048170177,0.11604021459781086,0.4407190284365736
0.8864361545115774,0.19258176054459852,0.26737286748106304,0.4983692833293323
0.9580412961410041,0.2614157886468148,0.5105127054868348,-0.2115838872329634
0.7678924066951041,0.17953804115364452,-0.1364370615756177,0.8388729239205717
0.9980695179461947,0.26423580084696563,0.3161034721142693,0.19631547218940107
1.480607987437514,0.010719502561042813,-0.2085556077599499,0.5480492339686769
0.7502086690066525,0.7677695199017445,0.19373600620219933,-0.34112871652060006
0.9960645555755248,0.12048154649080839,0.27556623537230107,0.45500934000792365
1.0051819213438633,0.1840426987098669,0.31031141825017683,0.41472273144236993
1.530852670767366,0.14104160099786112,0.12094638746937011,0.32771442996028793
1.0459425376324785,0.24347838426268847,0.4798069166307669,-0.027796452879832928
1.2692380340773135,-0.06584520725969625,0.001954285193854559,0.6565528136190102
1.1555778593777135,0.01870792013043809,-0.13450957200302013,0.8975047388557169
1.310703492677293,0.17868440401132668,-0.31682882205632246,0.5873977656138356
0.9226010152882699,0.147243125693037,0.17425725635456435,0.8633532846999897
1.3194465796272867,0.014910507313027375,-0.2283182271236302,0.7842481543303382
1.1808313012192322,0.2203832231305219,-0.2893171758035089,0.6975679517090911
1.2136466985551357,0.16874650523267992,0.1281889738223824,0.2967002466851718
1.288798902506406,0.49156066844061863,0.06844643168660053,0.07442652506302047
1.1075468751219741,0.2937366699354726,-0.04095938904691193,0.23530717669381881
1.4450480388323985,0.1750047675198375,0.524626371607529,-0.08820379838225509
1.1754196049028889,-0.02684086759847297,-0.11614937601126603,0.7601868797673582
1.453770337963606,0.16923128854152678,0.267024531936704,0.21814755694741522
0.7143901436844198,0.18879753153718454,0.5036189226327984,0.19769831370876118
1.1783728921839467,0.32873740464668677,0.2428228570391443,-0.05622676840744617
1.3193400156230224,0.19489551452177767,0.456216547385477,0.17160336493636189
1.4921311854967823,0.20017139069767984,0.3441243908851226,-0.3332922139159272
1.008624740406549,0.11720022044566314,-0.06722533445971045,0.570440066006559
1.164433954637874,0.09492758387970801,0.10216679158831338,0.5432101476859463
1.1599384317770183,0.2583298295987139,0.430479017393002,0.40705612540897707
1.13701647249637,0.22304340654669075,0.2544793222619801,0.2114365478894982
1.5746549495149658,0.06531351434207644,0.20306292208675528,0.4013257572298541
1.3025626468669518,0.14122862548201004,0.19004820654438903,0.5543629504767185
0.7053056102272139,0.2766799052299481,0.42999067152428094,0.09306359902837186
1.3900822851160446,0.3335527399729108,0.5414417311393784,-0.35472969278681943
1.0136953548297662,0.3718969516452879,0.2530702379012906,0.27588077564961655
1.2201018735460134,0.14616130853246798,0.35138059322339565,0.22995573060652896
1.1060974191982034,0.03868834782744257,-0.11098245031231031,0.9992363011320234
1.1636257034650253,0.3702339683542424,0.23334571522248518,0.24399985893147513
1.2002982976716963,0.135326588725945,0.12816833948313672,0.3898136134499267
1.2724822341415432,0.4210746017761412,0.13311939554618735,-0.02239182162138332
1.2037639572764003,0.2690188670487885,-0.08622476515090255,0.5010777564453748
1.1009117660981875,0.36032936608271904,0.20852967750903245,0.16806434974857987
1.1376862064266042,0.11124903420173164,0.33068520827718206,0.08226104224900922
1.0745815265810859,0.3132303085676147,0.30646894673447567,0.03635770288507248
1.0316898624019868,0.22225808498118654,-0.08980249792642585,0.702625164105625
0.9278763500098601,0.5283791323780525,0.7989814510070135,-0.15669524208125662
1.4424936119226008,0.22064390674030454,0.2666083920198532,-0.05289411937834827
1.2490255995940753,0.3459830547033034,0.22495500937998564,-0.15137979047451497
1.4224049021330165,0.2358490724938793,-0.05037788611871799,0.29741345988665097
1.1373334659743035,0.640773243584085,0.35177172019508396,0.2567117727785678
1.5581378012842197,-0.13764386075114557,-0.043299415473669584,1.3654450620104543
1.2313570900644168,0.2473320184408208,0.42263189269158397,0.2963574195683574
1.4528508071239077,0.27901868594637086,0.06970758035325592,0.327643622577363
1.406584029451786,0.07547586512256034,0.07964314121866481,0.5026645416491259
0.7550146085122298,0.33037227193586616,0.407558099204927,0.35194763634360776
1.1683797197832362,0.45555626387882797,0.5682527020465813,-0.319307336979117
1.0518656765233958,0.3325389499847362,0.5026527838626336,0.6398500036342666
1.1655806090951264,0.4658367581522944,0.5001879083521853,0.002129066150603292
1.3408203696155023,0.3791990212522236,0.21289693549902125,0.3755830341451524
1.3709227971893785,0.16176187578895085,-0.025839723664117693,0.818482305467437
1.0106503159093085,0.16756309225454993,0.339158596005924,0.030859515859897525
1.056335388931548,0.6252362755466162,0.8357632982831091,-0.6172175140663372
0.9813684975298864,0.4492630799330607,0.2224540947430049,-0.03693910500060052
1.180646210669415,0.31102937046893386,0.429711540045398,0.3534493189460839
1.2097684187904933,0.34337988000229336,0.4645213015436656,-0.16092725587788592
1.2919858741979706,0.3254531634483735,0.45691310200721547,0.17300215823617707
1.0380980944374913,0.26160666654735737,0.18295850486572268,0.6824883291538988
1.1692867130645446,0.13396315316875876,0.4600708810202433,0.6487260397283999
1.207329880360923,0.4480935891668777,0.5733787642985065,-0.26730365969693726
1.2721839044580947,0.4531033034024997,0.5789630089586055,-0.5151023654505511
0.932493904782387,0.6353765763267455,0.6195231924952296,-0.8783506483613874
0.9860285452149901,0.2787397839898459,0.1291045007680178,0.33969789474129275
1.4546417218449412,0.37465264598272685,0.14279833793251057,0.07803718219398059
0.8987442861118309,0.19209753105081845,-0.012123158080160517,0.5420651342592362
0.7005737352049097,0.15834585166126625,-0.04663169880690756,1.1544548200683153
1.2950066087082088,-0.04087443828673795,-0.3682074234803378,1.1474679153887108
1.1311970307492323,0.2155196905545947,0.24701017808298864,0.2611015178499467
0.8924111344950907,0.31498982810104637,0.3774450630797723,0.02044968881278168
1.0021044036735922,0.1689572410987467,0.3334400596814342,-0.01560850045689589
1.4286930471038608,0.30568469689864314,0.0864831605143011,0.0017570313958329897
0.8564519831994848,0.45177949139898704,0.733356903937666,-0.3238766418936363
1.231985843021243,0.2340675781234323,0.2165075803492219,0.3413216183082499
1.1631880727567538,0.2674797819852635,0.4222338747245592,-0.3804962373860187
1.5984592218871838,0.2373172470198367,0.20917744225257037,0.05195233780656763
0.9248153012888296,0.05000694263630204,0.002393139222458039,0.5337544875153544
1.3696094693920422,0.34162385918485283,0.10642628245369526,0.4696178530561357
1.2632189717257614,0.19566041912992627,0.2127798554598161,0.15379236703342375
1.1010863530712982,0.32404662559780983,0.5784497676335698,-0.34192475890779206
0.8512354419754156,0.3103937281988165,-0.08410122917388281,0.37674552963774477
1.0329285853396066,0.05853770170272852,0.31165741265839814,0.4913459708719978
1.189006401885935,0.2762535120534101,0.33758212269388516,-0.16086616661336733
1.1541810987036112,0.22741887628509325,-0.12595288596463253,0.7012765929917747
1.1016042096070704,0.21322661409368004,0.13818987684806183,0.36695602043334963
1.2146071229421218,0.24088632645700783,0.41204133564520046,0.18715656241527387
1.1339312802683936,0.0023872016269157973,-0.31072491637313826,0.7128598321804096
1.364037555252073,0.2963608202575658,0.2349434827140926,0.02003441725176864
0.8403120178119455,0.019708836035605665,-0.1943694817803139,0.5930374022805839
0.9680827653691513,0.2387021504112975,0.2191936975027859,0.7569744198047652
1.2308408670280777,0.3045366016770498,0.4330577132635956,0.20971034779061412
0.892386068100261,0.028864711027304122,0.1031026810891442,0.35573473980207665
0.9017720182109787,0.3667490483941625,0.36592676022244175,-0.07559577450570899
0.6793878293882198,0.3901655285543232,0.4341112563119784,0.1824326110020648
1.5508640633685769,0.29582414632558673,0.10495629780023008,0.4615659211758753
0.7466602695407091,0.20965534416082093,0.47213520964727723,0.16056180746749266
1.1854780444710513,0.3040997591483501,0.3609228510878278,-0.0867826864142262
1.356323153948065,0.23971369036319184,0.37870581810251364,0.31758273083178096
1.1688721142948342,0.6483176950208744,0.6171111718864829,-0.6212821698324031
1.4838946857038005,0.412246833659318,0.424999520608959,0.2453522142702541
0.9738827086594342,-0.14242293384116672,-0.6072456167006903,1.604763893868132
1.0574387724513303,0.33312973037287014,0.5721757353215011,-0.10391531096301432
0.9763861266774296,0.18554637750728314,0.7657964294715611,-0.6682996002175967
1.5724913083618843,-0.050364590228972606,-0.2491613415203241,1.1623217836582993
1.2169030456482284,0.1968912904763048,-0.13717425138568579,0.42320777168613277
1.105564239714235,0.13949558089753117,-0.12748867674079675,0.7356771029640041
0.9096889075910846,0.4203273655119509,0.14880490806278995,0.3393266352296908
1.499059063581331,0.4188204505777002,0.5640548694680461,-0.25696627385659543
1.118108227247456,0.1818083951059834,0.23741637745548363,0.45840108147896863
1.263260166383467,0.07669365628019362,-0.02205840351911604,0.7011034519338597
0.9932391524803157,0.21395734120748194,0.5614870345619511,-0.1283740351602358
1.210132907837112,0.10900171235293159,-0.20824496010185417,0.8555690288629227
1.0873612419442709,0.06694569793670566,-0.21553719727379017,0.7516703392266371
1.3259347437527356,0.24837718059590047,-0.1871107132461786,0.531295278358412
0.919468484835499,0.13021970649355213,0.27636389076438583,0.37151853572917803
1.05513712549386,0.09835565286890013,0.06074416538539327,0.6042041152192899
1.1479601248360929,0.1704961387519815,0.2035705948734724,0.3342693799629257
0.9984733101760831,0.381971697839554,0.357094455406506,0.012942915334517835
0.9959567238619006,0.3014435724198854,0.2236911962219057,0.3537723938451902
0.5745003175294068,-0.1285449435096631,-0.1559284366471518,0.8073114580196246
1.5609694194930914,0.3374596989444268,0.1732797950371962,0.2987117346797322
1.2904145764186203,0.10220508215430975,0.25908689057927614,0.39392321416200615
1.5286636681990924,0.267600950114265,0.18346307745514834,0.27073321393125993
0.8038347465687968,0.14922493147800237,-0.5430335432261301,1.0298079011343169
1.5301946217908264,0.3588759673204054,0.2875668021537322,-0.15984284851675112
0.892644016404154,-0.0015123121051307618,-0.17994198740005804,1.0532396849077754
1.3168834045029643,0.07798057342665982,-0.08975340139001305,0.7167446688345666
1.0558859207976727,0.36521132760883235,0.8807424689106088,-0.37006097233095603
1.437753579518518,0.17605463493690238,0.094675781644168,0.0662035527950818
1.309721146425645,0.25544952612978766,0.33909150882106687,0.09556112173415846
1.4234948798392153,0.044884824049904994,-0.06632439542543983,0.3343088799780267
1.2117823186353496,0.2664362039442453,0.26347879924128775,-0.17356219942283907
1.468719297687385,0.1771786722681438,0.3822395473783412,0.4380499174892759
1.0478090074495903,0.3621146043853041,-0.13081271928143523,0.4907382320448204
1.0580231464769638,0.512839182748527,0.7414911957288155,-0.20246437919127425
1.3558648950765901,-0.1465265248332737,-0.4232730772655613,1.0486270116571217
0.9636609872464719,0.40857745596324196,0.4071340976729233,-0.0962932237518943
1.4669748080673533,0.30395847548469,0.1882253226580491,0.182833014307339
1.0951733309521146,0.34649475411559677,-0.007037031518870892,0.5963048050214732
1.3131771848543716,0.3344982949971453,0.17172696035252263,0.2361024646862419
0.9587472018132159,0.25883900364942536,-0.07672333914951085,0.49080172370203834
1.2718197875810269,0.29783621195339954,0.11937196085751874,0.2962830332378221
1.4251473873824567,0.3170553334866863,0.20994905461812136,-0.06035632009134051
0.7613905994025263,0.1623118317237764,0.10572836067754271,0.5613797615180205
1.301620713802683,0.2505348094844989,0.514730736830832,-0.4487616161107255
1.0513179538366826,0.38324711310870563,0.3611651055650289,0.1576350479187726
1.2222592000909944,0.17858742197758576,0.13581973554423743,0.4785168790346041
1.010438301736392,0.14279977696229587,0.27837111381703117,0.5856530369323378
0.8222829177396127,0.3880582828313997,0.4513323842413378,-0.04111878339267476
1.5648876003691612,0.29752719319130816,0.3650590489573855,0.1697094183955316
1.1797679579783935,0.2576113127855124,0.4325210688626599,-0.2221571526406541
1.3459776501699638,0.39900356421749794,0.7286562782729575,-0.4872986313287829
1.159413804163689,-0.02600981738646789,0.380126751519438,0.3030372949825461
0.8640335382167981,-0.07739757039382186,-0.11424410491771693,0.8486202359464085
0.945376791119884,0.21410023437376363,0.25508920225901843,0.032994521361860325
1.1967116389983965,0.6917369844380531,0.7013146044432388,-0.562906842042372
1.254753264585467,0.09205830192281042,-0.25727881286943166,0.854910273992721
1.226070686189077,0.10913344422402327,0.33000585580341874,0.18825781281563064
1.2439838612532157,-0.09619803122346596,-0.13463701625735325,0.8385001054921958
1.5067545699714353,0.21531507551940626,0.27708119524327685,0.16291432106140114
0.8576002956299029,0.11106702951314343,0.2518555641480922,0.8095587187015236
1.5140471836295408,0.3042637888897821,0.22635271703389448,0.007766556810686264
1.0315395452341916,0.21332110902142296,0.3206679354046439,0.19715644217313308
0.8906612124298963,0.08230487094737396,-0.030301235133810545,0.9509169128276654
1.0910473173598394,0.27309870449653617,0.359762953008505,0.27077459479723776
0.7928677878575356,-0.048526556521267555,0.15208692094246046,0.7411081940025611
1.224977572007564,0.29316607738566364,-0.030207044878711176,0.8145630784832827
1.4377759010759432,0.426473591194113,0.5419946917781585,-0.1284271087247585
1.3331782486642245,0.0652652477506466,0.16574860723782092,0.7513100081893993
1.4677377368852276,0.09567412425040772,-0.07034441970523253,0.8966305727452585
0.846062970165002,0.10695963012714141,0.7073953354993623,-0.1727712966502179
0.6562930384379051,0.4772414316436491,0.38136572236041744,0.20039477018862994
0.735652366380692,0.2223778923913781,-0.02172717956975624,-0.02101304333335642
1.1137928414355915,-0.04558490714390681,-0.17364806720755305,0.9185856940238968
1.4221354617177204,0.25029624616278556,0.2532727953800261,-0.04513132265665899
1.1781501636817668,0.14537365727564777,0.20092234143361043,0.7511753753298529
1.3583043403840878,0.09770938251539411,0.2642177278233675,0.3971454873587972
1.0134061253929105,0.487657163529995,0.9482661029529953,-0.4384452208438986
1.4052863291103384,0.11338178106920725,0.05258000715034983,0.5959523682461734
1.4681314008858877,0.1908282252393844,0.06420100098344422,0.4413822899332672
1.4514125383405023,0.4496198740513012,0.4236251825040951,-0.12052943169818889
1.306327203112733,0.226939315376898,0.3194650664924581,0.00473657846182219
0.8581188462821229,0.4434142314492352,0.8261735799985693,-0.2004578231593908
1.1437381144390715,0.6364933939560355,0.7216455737490253,-0.6945112993977054
1.2439843125913175,0.31616218674749635,0.23760710160470613,0.2587322911343616
0.955025775153865,0.26354345812009816,0.2781442059340866,0.3925047803732651
1.5428916459775879,0.15898258706709428,0.19902646495692145,0.43864054947915393
1.395728888867107,0.20528702747733513,0.10421890766814831,0.02881425323264129
1.1804687298192658,0.47374134595481154,0.059501192796751076,0.1298452191109637
0.9994373740427315,0.3505945159829119,0.6056247812204256,-0.3217251012667206
1.3200367448532573,0.40593905217408005,0.6594737503581481,-0.26390608435718216
0.8696285240861547,0.41720375723774433,0.30801310779278557,0.1719597279981046
1.5283568725466985,0.1721830117146656,0.07390964550515777,0.499810266924427
1.0166310053265488,0.20808308136671055,0.10713698775049896,0.227330226298166
1.1566899793761198,-0.05344281533765473,-0.1513314872379718,0.9665575749577116
1.3413892946551638,0.3424613219219252,0.1958745194495496,0.024665989539005492
1.2687092489169853,0.33685543472505153,-0.020170329564717433,0.5833313788068641
1.2066446156541182,0.1630178594806132,0.03692080798969642,0.6061754828548696
1.1915075515978086,0.0824279558515354,0.3481489640277192,0.31349657892445815
0.7637100089636506,0.3215265889529729,0.5136393184141477,-0.040580363882157064
1.2307303264928047,0.30925224316734834,0.2505495115340697,0.08817508950498718
1.1064153478515713,0.19041033040772276,0.006041112622685749,0.5184801280117601
1.1123418699568803,0.3810460648446452,0.2839044905758521,0.1480586818812007
0.9572596872926263,0.38954652504979637,0.5719149756074402,-0.3065774895183572
0.9280285179998125,0.21527958777799422,0.7466300662552268,0.06902420876560839
0.7983583913294728,0.4093943161614044,0.35150311833335224,-0.06651195886890898
1.164799508905012,0.20144555527329533,0.37188229950663715,0.39844152129203025
1.3169152494556957,0.1373041252906197,0.015642664783011254,0.7046848780495816
1.1717696733606835,0.1904927814462984,0.5830883217141094,-0.20916305372973037
1.1279679032196195,0.498569494821861,0.6173469858215346,-0.024661194779375117
1.3095700001824184,0.048807067751363516,0.226747055117773,0.7680902729331631
1.1979365728956222,0.24447779933554573,0.14016129343717554,0.27811563799087835
1.1966687868588102,0.16942354782840574,0.17645107682360284,0.8285813450749873
1.137432195821664,0.2450191250153574,0.5034415563964072,0.5525950838886953
1.1190905106852465,0.285041052275645,0.2561382396088272,0.44622157774674365
1.4804049325427457,0.4102723937121736,-0.023680623150983595,0.5112453155080892
1.446459451878707,0.1387539670443183,0.16199796414201478,0.636269697108709
1.4152097894866413,0.03733688023214274,0.15138013004749346,0.6889364444376294
1.1063410929478468,0.31138659973538335,0.025720913876032588,0.49148487738756874
1.194863655835273,0.8194338687797489,0.28780950953607476,-0.15409903256472088
1.2126516685627302,0.31497615408765905,0.3490312954432859,-0.2760089681938867
1.139716826393181,0.30718214573700564,0.3696344160713488,0.4940794024720646
0.9127317159033683,0.3785408601703909,0.23598584359309743,0.2853789484619782
1.413884821225745,-0.019278934032305448,-0.3370022728309736,1.2378284194895612
1.5264768046266097,0.332469012261539,0.346595777717016,0.023296282013185458
1.4257443793339066,-0.006443387781920773,-0.04756864224532056,0.4446599575382584
1.0647036571403636,0.6352455547828615,0.5660151178691302,-0.4151650237056608
1.1216113773342968,0.12974286187221323,0.07963352822612721,0.3178218459218638
1.2300728266193142,0.33095579692976695,0.4706609327361833,-0.11646780600082285
1.0093780769133618,-0.13754721044836948,-0.04781563352139878,1.0798410837411876
1.0131167378186188,0.09316220829052613,0.29533680465049816,0.6277244026215703
0.8509863763256573,0.4552183791108541,0.11046890583519314,0.21860245129700262
1.43663749091853,0.2081313205405617,0.35194823738708747,0.0541775243484494
0.9583803683500811,0.40931956277195786,0.4594709075107712,0.13414234339813197
1.059696474630894,0.282965286236759,0.022602452960381894,0.5840987817895867
1.1803635544486655,0.4391885637211487,0.7299233942384051,-0.28897402445791853
1.3548210571193655,0.6266981590767247,0.38345500834352675,-0.3205606585338844
1.4576336711555629,0.3226156664505052,0.41680710171999014,-0.21293963253622922
0.9158371561389943,0.20159607329777507,0.1519221741392605,0.3991765655209184
1.2294321609809384,0.18111411516229653,-0.09527323298473125,1.0012940034251165
1.189299324695023,0.3550554804736741,0.5332213767167266,-0.3861062370053973
1.2879577415840893,0.027800195469815173,0.16844499161040122,0.5333246844296047
1.1052552527451516,0.24233512304550986,-0.05042393891346396,0.6891659737732675
1.3836869725110545,-0.005557568661472272,-0.192621607686092,0.7833803313349839
0.883177895572797,0.3940765840471998,0.30436670397006865,-0.016186978019401783
0.8285423714413276,0.7771081345011979,0.6322546799102042,-0.232497293919498
1.4365179765104867,0.4825688839559486,0.6071329958872668,-0.5697312782732489
1.033367180798736,0.3602456859148909,0.9115622295376595,-0.1345159757088835
1.332075311130196,0.2932517812177222,0.3132103927895456,0.09234963062906064
0.9233809315563933,0.18272446708130108,0.6081215920036858,0.07123957233600342
1.1476457378256217,0.2814093376693232,0.11223509767840283,0.2939944198460753
0.9625161992693865,0.1316370123848167,0.07150976419128083,0.5810724083666512
1.1854121601603256,0.09630426350534235,0.07971009850927517,0.5573868536541807
1.3722176560248158,0.0370675466704386,0.2661228933550435,0.555380842165019
1.591259545929024,0.41652008882907177,0.7603478713627594,-0.3653139681111384
1.0901661244963914,0.38582905273297585,0.5621341217122635,-0.0733583895041022
1.7948406886492785,0.3320854200991832,0.25823024006882334,-0.008599266403614955
0.8946334219789128,0.2048326434267185,0.466120357386433,-0.03258749910730434
1.2805746352022722,0.041729361092473244,0.1556980557564861,0.7380731514176032
0.9964734600571488,0.16474185031967642,-0.23862676963398255,0.896327855408146
1.2117696007770327,0.2498591179423874,-0.06636461367098662,0.3121600392518026
1.05576705623613,0.2176329376053101,0.36035334464825114,0.0264009052414224
1.1940469486539853,0.4312481286915855,0.6343953695564153,-0.2255276374045197
1.4208655223310689,-0.05946870527879889,0.011994904387200807,1.0376309583870733
1.1605448926736313,0.11691436798977126,0.25379232998250745,0.46590871428173564
1.1492049032952716,0.2041915152353152,0.12483681524416765,0.4914937855704385
1.6631323124532362,0.06925317277339435,-0.006283356599253207,0.6821917411130026
0.9966684413560877,0.047876599304839916,0.14027760672802897,0.5788403501328645
1.1111944333868982,-0.22780645672351904,-0.23411430661885763,0.9244973818138165
1.1686700760531585,0.35227455163684973,0.5973012634459983,-0.07865923888225551
1.502355914558117,0.48354608856414566,0.40228927708861834,-0.29967774675969505
0.9544820526422955,0.5094574010066764,0.507512054653015,-0.5759843897348308
1.5895586907102475,0.42478545017162,0.1506153806693525,0.2267137305874645
1.1925166558624216,0.4296014454727947,0.07048293746148454,0.2569087125996772
1.246394082647412,0.2303869729298162,-0.002417182995260071,0.7180823487453992
1.4232965728622409,0.3646885104697553,0.4500821619080295,-0.4714590456756589
1.404869798617811,0.2084778548979514,0.18384014752984415,0.107693192781992
1.4084524355716943,0.10170791515122109,0.03957469086534586,0.5612299079570637
1.3237482278396397,-0.05583779773779012,0.02402620543601572,0.6053706827969842
1.5738313917346172,0.35294772904041294,0.3750391607214319,-0.16572351269663693
0.7316801991633881,0.3170451986109143,0.5878184343531065,-0.41235710462930386
1.1564683107664564,0.29131745043728613,0.24604827494253312,0.39250229851720553
1.428232230159323,0.5282469852920821,0.5854365414095863,-0.6957654477530106
1.176312912633061,0.12000881640386304,0.18021193173601835,0.2691238694344513
1.1353392029594453,0.5136467810723633,0.4138322172574213,-0.20314927929653684
1.2430354897048133,0.06980938570491053,0.3274449849056764,0.24220867193941675
1.2831692132252552,0.13921883541922736,0.459829006305086,-0.26087371749769933
1.3692668987606296,0.35327594969330534,0.6667421268914273,-0.4801765122330854
0.9279248769257755,0.29543053322928636,0.22620630619283705,0.2185647156666437
0.9558391198132064,0.401822656030869,-0.05685446634987805,0.7074840738459751
1.3596670685358632,0.3063324099693269,-0.017736424902711767,0.3122700475398835
1.449852900291043,0.10649594752040456,-0.17473029468388435,0.7938417278510215
0.9506803725158124,0.1514048744265613,0.25921621766668024,-0.012493778213902192
1.3128074176660416,0.18043652979826622,0.39439605512132137,0.4065393289202692
0.7997394561689934,0.20658339313089408,0.2856829496349157,0.6121795482540582
1.0842445255420001,0.4092002433845662,0.3094460839905423,0.04435778288232188
1.111218287510943,0.17413586627456723,0.28060568538857333,0.31108340815892277
0.7647796457912596,0.05198405609135047,-0.27303765943359476,1.341168121614071
1.3603032978232403,0.3896005437112312,0.587974885385943,-0.212971396994662
1.2264239609099246,0.1970056754277672,0.19207509486397195,0.26751289718991333
1.1874991112915771,0.2618400159294126,0.35078540567670147,-0.12452337524385296
1.1147675883949113,0.1603694913840853,-0.09934042124429644,0.5869489609770228
0.6390535401735906,0.1624373739777779,0.44264353948616597,0.22641323742728248
1.392231651432621,0.26184872308073426,0.48552729620739243,0.3576378245290246
0.9715400659386877,0.1136940075852465,0.047411923918099855,0.5096950902401428
1.6268634895696068,0.4432262867942825,0.4331629314340208,-0.35295923044293515
1.5512537273826048,0.0594206812942131,-0.13699094670415135,0.5527914960502835
0.9777778583477363,0.3254568893757808,0.3555919582760684,0.26353052970647073
0.9926722493989226,0.29641959576970944,0.28633556161987667,0.3797270261839488
1.3842753451413103,0.2794554132402069,0.3499797340960722,-0.016278266202942395
0.9928209367289267,0.18508668090771105,0.40839969847460106,-0.12315571448541886
1.2790623191219175,0.08827109040297362,0.2678510415220548,0.12203596610106064
1.1269904176801557,-0.08908757073007095,0.10289279716075925,0.7674612436766719
1.451903548784128,0.022258968601612757,-0.29783618902389475,1.1667369722468726
1.20926712419014,0.0038242060122985937,0.1659745437277009,0.7199125837339383
0.8725241955160932,0.3627781748223943,0.29136587084194043,0.16617751304026765
1.6662041099523932,0.2884212068903213,0.09844552271898649,0.18840611261616969
1.0425336103413132,0.34358784205712734,0.32594420196973356,0.1599223345288751
1.0792137558720487,0.2801251230501423,0.21714721690928684,0.6469909730833723
1.3627853750419834,0.3014935576308527,0.25026459143812096,-0.014391456407794522
1.4630293845456126,0.04198032978397889,-0.04658551882647556,0.5572239738664417
1.3558154615760052,0.27461344276383315,0.18845692283273852,0.7511307891160224
1.110971300931651,0.11267122950511764,0.3214717770563992,0.4317003650585978
1.3064344606721907,0.5717292029771772,0.8117541313494081,-0.7022385329412663
1.3106873190577706,0.4266280366539251,0.364971508865991,-0.616635782807706
1.0974667429797385,0.05965851514984449,-0.3361651052789567,1.094329363611968
1.1188110544475387,0.1916384858504106,0.2208497142124345,0.20511140555348178
1.2912348235902988,0.44606861033985207,0.417333674881911,-0.26846063319610486
1.4590784197700277,0.2605506637188815,-0.026623171805579333,0.4886176252365997
1.1164843340157509,0.3445714204114365,0.23013413273373953,-0.1553458017839876
0.9559861584623571,0.16931437084202394,0.28396306208399524,0.5214972929838505
1.2577696411492927,0.4550850488428171,0.5791565040272691,-0.4297193647177152
0.7993822600559775,0.08064074608809418,0.3843457075178665,-0.1447040831870885
0.9676661361655097,0.278680397014068,0.4013951654944209,0.4805990785513564
1.125094607003915,0.15034760399164698,0.1675825194931318,0.5601544466293849
1.2230932920043156,0.28536516340253637,-0.07778722368462301,0.35099156724984504
1.2011006623355835,0.029791809292139048,-0.045864370550258535,0.9106181334414218
1.4831387039893411,0.23587842734552356,0.31186211267877684,0.08522299778801556
1.2156871285253634,0.03568216607602233,0.017607459613275922,1.0150435389447336
1.442119378596265,0.07458460580064255,-0.020724058089444417,0.8676926778385641
1.27099207387626,0.4548686690456729,0.764366239645321,-0.6829137868625892
0.9265750900753411,0.2967476477305756,0.4576011774546666,0.2053100849721796
0.8366853751162489,0.37290274417983543,0.14598774596388348,0.000822293013642806
1.2690172447046264,0.26959222586296594,0.5011534970277972,-0.14092441321171323
1.1871348744910102,0.4355696654876555,0.6520141102152974,-0.2882208069019354
1.290862493106545,0.35851517508657055,0.4139536916651705,-0.2901667795192916
0.7744970553469719,0.11908995718049052,-0.06511244790859033,0.8315617467302531
1.3187564011326018,0.322114747536805,0.25090060899574035,-0.1762346910448603
1.5264166119177174,0.35684436632781125,0.5482923643898342,-0.44817140457015703
1.537476156418001,0.14391892484725682,-0.22636286577268439,0.8264789218307009
1.3971183552665924,0.06755096606436384,-0.03247774229372278,0.7468479893027746
1.084578519112611,0.2411556303451111,0.1918807372060145,0.6693377812005652
1.2448813555212281,0.19084713022818997,0.017908648663144795,0.3785480502610006
1.629599682944181,-0.032185413020565164,0.04171589381084488,0.5601688289238023
1.08773876148271,0.4232151839748216,0.4665861493113256,-0.27344738236556465
0.8546574801139221,0.5370287585302586,0.42678316117564363,-0.3962898081129313
1.2400942915715039,0.1544888311160995,0.016000307816667652,0.5479677382310957
0.8029919824284242,0.23976919843168204,0.023377813684159775,0.8643471866499847
1.2061089510391168,0.40183929813906727,0.5763353008208354,-0.10964249234615714
1.2368709902632324,-0.09241180729538619,0.08057410069044574,0.9880778352607431
1.2252045105665395,0.239905893571491,0.4019249115502276,0.3146123337976826
1.0953344321526608,0.21277657760488994,0.37220909754362197,0.05890717244807661
0.9724717011644468,0.2229989682611945,0.15894047578092313,0.7405184319130435
1.40313717771103,0.22678629554826574,0.5137680323607423,-0.21548570502659525
0.6974811562980883,-0.10556350368377199,0.10319600936789056,0.668344735557157
1.1489864802920444,-0.036109969716813885,-0.17122502931787167,0.95018818155001
0.7706393526847001,0.05569989632676571,0.2046089859447874,0.6756148273157492
1.2897731127129943,0.09717312861240333,-0.052214224782879404,0.6369741104325661
1.0836043044858683,0.0392552592029235,0.058180039847269216,0.9221494205671246
1.1743697943844338,0.17199108239152788,0.08851326834414198,0.6761752646669643
1.0126860930766928,0.2126233777225549,0.28806619940547873,0.2240432036564216
0.8129647745065975,0.17809051302007745,0.3837719782011886,-0.1117751204011492
1.1755323166171034,0.44079244920439076,0.5065370511955483,0.013952471807624763
0.8641603528355171,0.18108507698261575,0.130523450653473,0.5576593656366955
1.2477868223745483,0.2696733252395731,0.21139629815541283,0.3627895705984623
1.348464292288515,0.40181520859475695,0.37274379496712545,-0.17288629677824258
1.2611734789216982,0.6999451868130848,0.5120028291255465,-0.4587290911533566
0.8030711637722052,0.4009771946130015,-0.05984174902363558,0.18728423452190907
1.3096629386391117,-0.0843040954130247,0.28942267775409947,1.0803037617782434
1.2882134747234912,0.1268245951713926,-0.23750992037128926,1.1505154472134884
1.3602608716581177,0.5823284402174149,0.9103885102309199,-0.807049169032253
1.1668685865195185,0.2701366219244062,0.23887646709722604,0.11181600033962905
0.9446017215597926,0.24338811079792227,0.1397769028373761,0.5711093376661469
0.878640820044204,0.5031969126195224,0.22846571742953262,0.42562267228756084
1.0958489730392325,0.31877729010300415,0.7260382198969269,-0.6074708587106827
1.4596638074281625,0.5044984532668949,0.5379091121775632,-0.03801750926905551
1.422178391480683,0.3117130526770685,0.19975065735375253,0.12749418999307016
1.3042339386903488,0.22559455896427388,-0.14672285084729747,0.7407890634603351
1.1332825834457698,0.010870623927320683,-0.2465138700121592,0.8846356782515447
1.5454231196742727,0.13982391911946374,0.05595635900803696,0.6023359488841258
1.1898671900023547,0.4328503076712342,0.693812731234287,-0.1550622590879853
1.070438114600468,-0.016053056797021563,-0.19814951177731263,0.9933704990938075
1.0044778129435907,0.21053330763489278,0.8291082362227756,0.09026728829210667
1.5609934586554781,0.20889271664131764,0.15781705382389283,0.29007227358050025
1.0711034740901897,0.15619274818072537,0.0859531785374498,0.17134750742754956
1.2839258363854302,0.33242582115960384,0.30991144316766384,-0.3471922288856381
1.2792733644497236,0.30622814286530425,0.43406256099397744,-0.22836853114430863
1.6418058748196755,0.321924474881931,0.1959611065575602,0.15438726476619263
1.2630931376619472,0.11798354130910611,0.5034437443849803,0.012854038592060206
1.5210486284013476,0.028878907249373205,0.10854862437567434,0.6398522952029646
1.0470480352661715,0.21376312261889271,0.23076977874211055,0.3907407803837134
1.1445014131375524,0.17643791435067116,0.3145044672415874,-0.07088575250123202
0.7176998329291919,0.19140219553262314,0.11515718396370558,1.1498562377555617
1.515421967422994,0.1634443886981577,-0.0833264652810381,0.5341516706520999
0.9910850523423209,0.5299191661909934,0.5681561369213571,-0.34930368184151017
1.357880793848056,0.10369998097371669,0.2309023969230146,0.050115165016811604
1.0710514669768854,0.09285136765941894,0.009075625857200391,0.6999809267657999
0.9942450875868536,0.3674177236672981,0.025351551678744345,0.28083955420955575
0.921481079448994,-0.01773424554405329,0.3763667202117307,0.5531106389127745
1.2456119060842747,0.479458515778598,0.30787985358420644,0.19282490379213038
1.5546358182155058,0.18726310695145715,-0.050794515626157735,0.5267446225260551
0.8500886420678107,-0.013175607339032294,0.14307485614216037,0.2368205063770374
1.0803408591902528,0.03704040026195583,0.0525752579868342,0.831926360166775
1.1028283139364499,0.21542871056284718,0.10346016452775009,0.0945877753513184
1.2961953645548285,-0.09952447791598057,0.06428955379953305,0.549918694035846
0.7574442449300126,0.5840080149220331,0.8262353462223959,-0.5512069352602617
1.0469581747591312,0.34658112906625566,0.4476515351424175,-0.16259873657235474
1.4219706960098684,0.357333957393225,0.1878606745470363,0.16017567713593578
1.0283226178475209,0.0469365069041268,0.2000988963897038,0.5145169125598523
1.1186201310376414,0.20929914423318105,0.29253563979582303,-0.3329971806078223
1.4362156203797616,0.4487638651810777,0.3872758856552151,-0.04432984604921843
0.9039812192271293,0.07658547415768148,0.20900154907211688,1.0665521678173646
1.2063143424283809,0.42340299161420836,0.3292906449688028,0.1009449812760774
1.1895541068565096,0.4729145325589865,0.6528136787584671,-0.42345448230589733
0.8117016518493949,0.2692985795770373,0.42622683762707986,-0.16146690097379085
1.4985348461385506,0.37377960724537923,0.6328787835099354,-0.12792036695211834
0.9713744762173615,0.4566059474476652,0.65795945229041,-0.5472992860251782
1.3476512001082503,0.15974243716732323,-0.1272182690488172,0.6633549027067468
1.205850959720081,0.18390195781719604,-0.04581987246589088,0.778352086519335
0.9149723191981203,0.04898998617494968,0.14555147526191206,0.7599469003174584
1.5765729596671565,0.3514656211981756,0.3516366060719946,0.08608432321413578
1.169330735221049,0.22591209894372352,0.1461556766824158,0.2620937281747078
1.2510758590860056,0.19014100083661808,0.0965046382580884,0.4169218361739317
1.1982322145405813,0.03604830665059168,-0.030911144750278226,0.8068941793999465
0.656900441228909,0.37970213568816297,0.18257392044367282,0.9797510055538367
1.0933345753028725,0.2502937315108644,0.20061495522213282,0.5180498669572436
1.4746838587066582,0.7364236828391582,0.7489070439913053,-0.9068061521706243
1.2467197690648237,0.32580837471288604,0.1563771125404224,0.1189874363684787
1.4319074239748346,0.25209213511125134,-0.12431766238220054,0.47738436529846134
1.2997522009073073,0.42412892045958805,0.4608358115858318,-0.20716650569513467
1.2310484210264185,0.5736082771642809,0.7300646547996547,-0.7800433378973409
1.1432696704109042,0.39319327436664564,0.30258569218855635,0.17770520921723482
1.1655802984328045,0.11397600299594818,-0.23747378438144245,0.8664590586064372
1.0533987142744128,0.17783944425058845,0.5252513566097061,-0.033872809210602234
1.0088605359861031,0.3867596326737722,0.723026325989462,-0.4389230093821008
1.439240559408542,0.18879174112783612,0.007354864859485045,0.4355773491810052
1.1027170077795887,0.3757291852367681,0.4908330526847512,0.03277975538541476
0.9062376857316018,-0.02752099876984698,0.1210494646529699,0.12259312207443845
1.2295584583541963,0.47070851054288365,0.43879034131693007,-0.2481910392065889
1.187660536111098,0.4737175499081474,0.34227720303414333,0.01952399387500492
1.2151122699095618,0.04069080042294747,0.18728754401258488,0.3763446125755533
1.2805743097489506,0.13055714069305324,0.06576666863918124,0.5000712605573804
1.0247784155130333,0.08818374030871828,0.19392696852551827,0.8489459174676697
0.9054034883669906,0.4085652085547188,0.12651197207250792,0.49631504685305183
1.6510246425655766,0.2771816752055374,0.39583810796175495,-0.06903017046212916
1.408637049501929,0.15032929230045383,0.43358675048993023,0.41732231319291613
1.2406908002604906,0.4014925414227213,0.4397705475444505,-0.36650841065835765
1.1344544677892083,0.06316024314240445,0.21310097526069244,0.4049539717573917
0.9086814705416785,0.16250801856286884,-0.11128993277670361,0.8808267335304223
1.480060562264594,0.13959791585695833,0.3713484044660053,0.38011632924347694
1.5165486987380201,0.18118252516133057,-0.08912036374434554,0.4320752209057125
0.9390793070826878,0.2220939251771294,0.33844008262730507,0.19757194800587083
0.86381713353317,0.29660903024041246,0.1993875050809259,-0.01659363266631541
1.483307730181869,0.30740358083664676,0.41746402845012487,-0.03286168634706028
1.0657302435602982,0.44993788959140624,0.6371374425652888,-0.16689658097474486
1.598496627115754,0.4835880807532985,0.8058910770291602,-0.26424544662256055
1.1457834819314987,0.33054682320140716,0.3814941474255734,0.3336731127224333
1.2875394089541616,0.19920682863220612,0.19464588595440793,0.5717004367790135
1.268373317891624,0.3336160171555798,0.13672743044279156,0.3097318349786877
1.1535350091109413,0.2785007053244036,0.24675131389346552,-0.1537227342963075
1.0764440660195747,0.5418485366744805,0.6410764982520593,-0.24933665258685644
1.30847036376033,0.39010128356471746,0.41490265808817356,-0.02170992313714196
0.7636161934396211,0.3671208730213745,0.28878487142807785,0.028877665908902284
1.6765528326765176,0.016986981499685905,0.13022033379423728,0.4579335479163296
1.3009611328688648,0.11080949535516986,0.079975996697282,0.2420143653187572
0.9385555529119003,0.17331188181531124,0.22224628864184343,0.8662974313006333
1.0011886589011496,0.342727031923996,0.18675281855983455,0.06490457160570137
1.3410244670007458,0.10158904457250414,-0.018085769573388456,0.4798274155524887
1.2069923800715534,0.10251877579450773,-0.04312172073911018,0.5649912394766217
0.6855949427682833,0.04311818367592904,0.5260263715960745,0.4046739513665256
1.3150981461443636,0.1741701661187418,0.308563166308764,-0.007691013521695103
1.1871114116444024,0.18871287323308916,0.38802814157839044,0.1640374023632185
1.2495818156602354,0.021433357806163792,-0.16008689252008967,0.974760233202574
1.2076184755464863,0.5511980538047565,0.7402000207375026,-0.5112123298690943
1.1654990876215492,0.234615054237927,-0.03571191127427964,0.4719704456933085
1.1053751912248029,0.3602696263875074,0.6700610654512335,-0.29781891375532776
1.0969768713382773,0.05491191553640244,0.25644972934642707,0.12441553026029264
1.552913099023106,0.379718733624008,0.44309024848704437,-0.28227993516853717
1.473143649798897,0.04770545161621521,0.06691445235065518,0.4924639691818743
1.0195599969137428,0.3627067508047434,0.1674764687300329,0.3617966174149359
0.8945612650375565,0.42846975433396856,0.7018895620116593,-0.5420399278238358
1.0001672527178034,0.08334131941587518,0.33635328882877025,0.17262577990357472
0.8732716113500022,0.2108250845877764,0.020496263567455597,0.8235451389361954
1.4225460971550343,0.32278953116756426,0.1930619732531622,0.1333002272770159
1.3227771444384264,0.37174935877712334,0.6828836827321751,-0.21705387936931128
1.054423210895021,0.414894057214188,0.6201958983543272,0.01943107522653369
1.234019931922786,0.07326909976629437,0.34264515120746236,0.3161673763474119
1.052842258964477,0.24056638635383276,0.5677819171684293,-0.004434118312541868
1.2899112152868288,0.26111984570114155,0.21078383367262934,0.08344576715692871
1.2604513164595943,0.2442599045266141,0.1320384148055113,0.4287632429071676
1.1541403297874386,0.5424738104801302,0.5255182082707627,0.06503733428026544
1.2811869131834985,0.2596061851564234,0.2470040265353745,-0.03456716708446401
1.0042423286316058,0.2498865937575256,0.25729544143974503,0.5509582449667505
0.9858976370467494,0.35319567803386354,0.061611166479009466,0.22364083387554934
1.1073279009665036,0.20446770028329525,0.13045286023471273,0.06701817474539717
1.2339420903807143,0.32915554850209644,0.22407798268257223,0.473080683431516
0.9975231819342754,0.19365848456989246,0.27724839538509755,-0.08726696511788584
0.513512410853997,-0.15024742385637208,-0.06671939634813517,0.9248267985261718
1.1951291460210465,-0.022952492148139575,-0.1493570036798356,1.0518324636997232
1.462531664948621,0.12451626292122706,0.28571932569769054,0.2719027446107086
0.9452974679156525,0.4652005277254845,0.13736177215192963,0.13021933539535369
1.2501455500713508,0.10566099805172022,-0.04395703038860888,0.43787671149911117
0.9630994242482203,0.4822648667081731,0.6144004585330894,-0.9039133778313508
1.022460826934465,0.01726996141838956,0.14303397557589873,0.38590498865732936
1.3967834758645714,0.25747877304465794,0.34651293629957003,0.350637565697654
0.8674987224098154,0.10511998777624487,-0.09220093175648131,0.768920529188914
0.7291960762822933,0.328392344298412,0.7912420743260765,0.2776750521327355
1.1928313842039269,0.07385045274280828,0.21576576217021282,0.6962436792533793
0.6790247790821523,0.18172297358325118,0.03986521209140798,0.9910861042345736
1.2780838978222553,0.5158520208074764,0.30526240585916,0.07673889991476673
1.1783340225489773,0.19742101183570956,0.2278170708242858,0.028592048387017295
1.2957599718061483,0.07100927955497238,0.007346213374015891,0.3606308013269256
1.3210863950021068,0.35726395675480066,0.6072221601716503,-0.4788172065824673
1.0489801414680238,0.21550033151156528,-0.05221631926800911,0.32613215588111233
1.1973779925341441,0.28170264802473277,0.2209514927550966,0.39823139045396494
1.2151155198658006,0.3333356310385198,0.2979524368587462,-0.10678327475706242
1.134593181389072,0.0215547152365148,-0.2345098238807657,0.5307944567329461
1.2896260882019464,0.33908879289523625,-0.0055234928568979255,0.3768184426210718
1.1114813574454199,0.12353666836707561,0.05234431888304118,0.508473533386762
0.9483716120438999,-0.06379567059853423,-0.1989733772163605,1.0935158448410087
1.0651967881508106,0.3412128876295698,0.43448702564707825,-0.28319439774104316
1.3996748691436733,0.3769072938716245,0.4579718486032863,-0.08760340420942145
1.123677855763999,0.30989333422731113,0.28834780258285936,0.4194697766979465
1.0283702849672278,0.26016852927944534,0.3023703223977536,0.2725142409550463
1.244506326493914,0.1671315260189078,-0.0453553233314754,0.23028154849555982
0.990799556400943,0.31917750622115193,0.14263282709734038,0.20499130682160863
0.7471161432505807,0.4091939986425617,-0.10382881678084122,0.4844857718545741
0.957655219052465,0.19873160557893504,-0.14304413649762115,0.8158192703567169
1.3370757611214432,0.09260556088223214,-0.010997371660111489,0.47177404144996826
1.0766290297834762,0.23912939068130698,0.18901697077527627,0.0354641472764151
1.0370631898773643,0.2488779855471765,0.1283347026870031,0.38838244587392523
1.2269217867158493,0.49215869278446145,0.3650342801677075,-0.09519658009663817
1.5680842495485385,0.31901169411667374,0.2739968456481606,-0.22606422516655306
1.3717435590317217,0.19642848119435397,0.06011712586159507,0.044352012297427884
1.1121625510650155,0.022218092325627437,0.19339710891320283,0.3773792545076057
0.7606041909921468,0.4333813131455132,0.3884655171113924,-0.21618364632903006
0.8838862785591501,0.5758247583307432,0.5029225511660785,-0.4814353368132224
1.5302744240451198,0.45713840382054444,0.6041201203349119,-0.26275214323085655
1.402104048737106,0.12419665313517801,0.03249038534959141,0.708644884611562
1.3030631880368664,0.1589215249547179,0.038237856491406236,0.23217624139202242
1.1188827300967437,0.33990098122736406,0.5529551520932614,0.007555505140500419
1.2630885074075757,0.15243115892516867,0.1847188554927781,0.652678731022617
1.0142661723319037,0.017090347359754635,0.5467515732239836,0.18849090455402295
1.374254858587663,0.13732993248514147,-0.05516303168185248,0.6650975988557312
1.1449474032125404,0.033514546401378596,0.4031277704892072,0.08980434192363596
1.583789969326613,0.36437222539019004,0.13733526203029195,0.0919728232449811
1.3001666615593384,-0.07963032909319631,-0.41292191366688635,0.925247392081571
1.2293988294296392,0.05485106786324497,0.02498424248915263,0.6913840448915543
1.2140100575969344,0.3589567695171126,0.57777332745901,-0.2695833507039607
1.0442610583103602,-0.010044350288194299,-0.16538575562014418,1.0000447155329817
1.048973929710957,0.24599102388644178,0.32365566075492525,0.6516359280309283
1.4673158496779886,0.08240923009756822,0.08067814634660783,0.8693678080669637
1.2397248718715552,0.16599582730972431,-0.10906664813802236,0.6672470612404062
1.2545199972519105,0.21000039758547978,-0.23549385132856349,0.5653565042461992
0.8781642032364699,0.30706271697152043,0.1676273419944448,0.27078126944360614
0.9478871124985997,0.52225183011989,0.4706171869349556,-0.302312596143246
1.256715307341259,0.37194379545771616,0.3305141990428679,-0.23617084916577794
1.1385333814729426,0.343525624357501,0.43419742023219937,-0.3267067097455332
1.1579221841393341,0.19421222860602638,0.27433200657889856,0.253196683084874
0.9520208074729719,0.3476367152232741,0.2741006308297871,0.033336604754183916
1.099211378458171,0.18167365714285055,0.22033036556141722,0.4830998266209348
1.0878827298928067,0.3476182670610156,0.37086806661368726,-0.2121957295804779
1.3403729474564883,0.47107735632826636,0.45660167692564246,-0.42275009357035753
0.9126519468483112,0.3426320332024141,-0.03488139274944766,0.21022953472218037
1.3833270576340906,0.4519619897448321,0.4125071202982123,-0.35715381353006753
1.13781794394616,0.2527418612568404,0.3637030635486453,0.23586932909963668
1.2123669554192555,0.35143469112491077,0.47600037815052143,-0.14586853743062528
1.4432040446047765,0.17818315429683568,0.11853340088713368,-0.031483102827582626
0.8742699276503492,0.1646513783263134,0.3753676065275672,0.5129354769707024
1.2259289860101554,0.1656111920776142,-0.008294083490177389,0.6034604767595546
0.9423655770661988,0.21270954251392082,0.3268278059157728,0.19683442582040184
1.0860863215013121,0.15924111318069067,0.25484762746509165,0.02475492388406622
1.3477778534909364,0.06406743409828106,-0.10489912710118621,0.7825870805000903
1.1100489639455449,0.3269401566453307,0.23984051204742685,-0.07694963108813746
1.3897970470218017,0.27375623349089995,0.33379730357871656,0.06533275347122879
0.657721388807881,0.1548582229789508,-0.21882012127949033,0.6968677762752781
1.3118893431147778,0.1952802467250676,0.37066068767221005,-0.15779467549393136
0.9824839149022281,0.4177184933489242,0.19641258446875293,-0.024369786446093236
1.3521547023932947,0.2614532130906745,0.09095919471364386,0.2581330164812104
0.9265884587034802,0.11500676909676125,0.3016490854703268,0.30304937352082073
0.9886859365190908,0.3878446139147189,0.22719819232903338,-0.0035574265978684217
1.1140967046589556,0.30246726084720776,0.403004722304553,0.621762222505289
0.6564354220834856,0.8220622629226287,0.9963536474762827,-1.0220584571188527
1.1557884509064618,0.5015525100050038,0.2639432536099247,0.4495298983420375
0.634193764561251,0.25056364095649186,0.031987740115382336,0.6358388453316381
1.2948411734679257,0.2542790849888012,0.313247430280876,0.45353096970349815
0.9262124244337075,0.22508479855643523,0.34728504196320165,0.08294810613577489
1.2534915721537454,0.49011034488291966,0.36925838935512423,-0.0521103771150563
1.1455614005043224,0.2789907618662707,0.25096057730630617,0.5328195257374246
0.9065699580217994,0.29609656714121635,0.13091431785660235,0.5965823606308577
1.3253460851687222,0.5156315090407464,0.6685300178332338,-0.40447956305774513
1.0341214222865551,0.363055800805802,0.6732805615909805,-0.5403429850334656
1.2125660329172598,0.15996868789158952,0.11460608334601402,0.39245976450429276
1.388732611413623,0.20428154631083062,0.3166888100401751,0.14384987230751958
1.0032768989710648,0.013902758057065832,0.2411733852766875,0.6634473321407773
1.5413508167319299,0.32556239382042973,0.5018639762426624,-0.04838726327941073
0.7885612798279473,0.04944870705500156,-0.054658974619607614,0.6848697763649809
1.294792551797571,0.39484670143705225,0.48909696739955477,0.09209505537311422
0.9315470355197223,0.362324198559532,0.2766364817043449,-0.3807948813235901
1.4316212685357903,0.1175507987202607,0.03266506010904779,0.3431950544650779
0.9960768653935389,0.28219159224272616,0.13392084885827102,0.41487421155413273
1.4021571550182013,0.29386279491153444,0.32743299433919526,-0.1383429121980183
1.2620815580861728,0.07230597765981062,0.11115736617192028,0.7407957059905232
0.8586465123873803,0.41980474353523467,0.4638466479918717,-0.6174659873646513
1.2345164832931779,0.11400866612581669,0.26000887812068835,0.7418195375780052
1.0742398430469975,0.06888977442541208,0.3533243712368156,0.1066569378078039
1.1331535482626283,0.564540638288008,0.6472500467143143,-0.5732512889463056
0.9607097771999507,0.2951267314236534,0.2533028516486295,-0.06679348347939504
1.4822918080105212,0.27114038091305187,0.19126734750570232,0.06212641147791903
1.1688567101954668,0.10794521411442354,0.11686287059527399,0.41937821319196417
1.2592411525898353,0.2748938840652866,0.20851143515793652,0.5308954628239156
1.1681515154883022,0.38953384832224325,0.3377993563722435,-0.08709432571838456
1.044147086427289,0.04644850498263012,0.049555065504611466,0.8196883216826159
1.2137079849078187,0.11601184134821424,0.24656899745349894,0.34738008150455835
0.8954451326635136,0.44645924624463057,0.4515837172465858,-0.18384964440985382
0.7767832765098366,0.5912023848298056,0.7738515518595535,-0.6040030825004283
0.7635864776583283,0.4973226903197292,0.4727452492783977,0.3536482737551607
1.1399607346367486,0.0399934558829242,0.37836906879449916,0.16793572721534034
1.2326202188727746,0.07683725314874446,0.04701219349516115,0.5330484277397731
1.3311496503020404,0.4103573772938328,0.6784871203763387,-0.2672395383929831
1.2249369135386172,0.41010517496275267,0.2322671750099875,-0.04135604909615168
1.1486511219823954,0.0009890457189898525,0.06686065038119038,0.6656912979299396
1.3040248483699841,0.4525131618945878,0.25054929561350975,-0.14992326674666523
0.9469223023623752,0.18782432072923796,0.4873685448732621,0.026708533591745885
1.0587211198021564,0.3703209126822522,0.5461470412219664,-0.1034964840953052
1.3050932504335582,0.30538396226973774,0.3915999319544067,-0.23541193973911728
1.0592218736594532,0.4471584279294184,0.29569796914102653,0.11686494060320901
1.3073231500509634,0.20651773504544496,0.2884566280224957,0.13981158749209033
1.6476267062807932,0.26562897420814746,0.09860230808670425,0.47324128808876165
1.1409497783288063,0.3199276672237661,0.20795923400771144,0.2786810813558147
1.0792561445842073,0.03548444104330624,0.0409465285104935,0.5896328020962405
0.8459306289587315,0.00945591764061455,0.2594563561066401,0.5979481273276606
1.0559364035487,0.35433271503830205,0.6789432621618675,-0.6766651556115019
1.2254110614027087,0.22302270689052106,0.5150598301658391,-0.21538429128618425
1.2370898285681975,0.17041047588604974,0.2541307484490949,0.010348880674191716
0.3064841937460182,0.10483696842933424,0.22600636531245608,0.9207204884099129
0.8953754892814683,0.4605981208970263,0.5676861586336834,-0.026043342193365564
0.8469894901483505,0.22252601241102646,-0.19098905102166108,0.816722537797476
1.1526763371376987,0.08692681262934829,-0.1791191109064642,0.5929090775196727
1.3066583003333485,0.3133798159821819,0.23328498847566553,0.002828829255667484
1.0581877470641712,-0.07306737217476889,-0.3946871826569977,1.2878400954409601
1.4551830015687042,0.44844901165396023,0.37851587360045197,-0.1643412893691636
1.340883006838428,0.27755866266312,0.37783031547502505,0.127121537057187
1.5802813415992123,0.23338072018020672,0.29444187997126736,0.13149941407254298
1.1419607423923428,0.1663819565363186,-0.16426930488657615,1.1235562688737988
0.9645922261835671,-0.026040299667587773,-0.13548564559973378,0.7934986912873151
0.9692569595582342,0.367068720614838,0.26132752707025986,-0.23626521589369776
1.4879469616527814,0.41096063030726904,0.6766332536650164,-0.35374378586761224
1.0429128284453961,0.26116600954607877,0.19187357173209046,0.5719604514966923
1.4022110171991082,0.29444358356757117,0.1389992142462776,0.12621546131066821
0.5354776251039401,0.11817324207435438,0.2827167150366745,0.39522143412532984
1.279142952201577,0.3787313033282843,0.26861511913607544,0.2173660020758404
1.5372638910081307,0.4395269729766524,0.48300442076291555,-0.3386282591186923
1.0379503567332318,0.20953989590503025,0.12141885692527525,0.29515164706410846
1.4863080181528594,0.24709665989656615,0.32807239417381084,0.04911535981864042
1.0143075412319793,0.23662692478112107,0.312525356757812,0.26430511401058054
0.9026515306826508,0.4289371085833623,0.1524131187357647,-0.07938068103343203
