logm,beta0,beta1
2.9205986622793945,-1.5816295042706952,0.32568532674965794
2.894911058587833,-1.545445064478363,0.24814388730397074
3.05639962661645,-1.5803633839265412,0.29155401514663964
3.2719776610801734,-1.5753795252055363,0.18453665503280764
2.816183368538706,-1.6164107362542914,0.6220015313598608
3.0603070274910085,-1.583551068762588,0.29889446028098454
3.042702992566333,-1.5876048566564323,0.37242506816047405
2.7382890048839257,-1.5608622945006387,0.3295949145477597
3.336027707280647,-1.562854787497891,0.4693611785071168
3.09478550885328,-1.5647310503172494,0.2966781626275059
3.0980797342647723,-1.5382079400852133,0.3056338216077968
2.7571754339823147,-1.5786973774844426,0.3424751415360404
3.087275480936609,-1.5276418835751824,0.28995243389385555
2.7530757729191384,-1.59209657627087,0.3237073494614579
3.282205753649414,-1.609230607728748,0.4549640629427891
3.052634500890698,-1.5313730193218318,0.32483895771566645
3.204023114105223,-1.5581242665401238,0.2831133171749839
3.237472340322425,-1.5683811149750666,0.4137227101654984
2.995255621550857,-1.604103072533363,0.32773976957881307
3.0877833944510575,-1.58179130400106,0.3682613194242485
2.8752718395689727,-1.6023972718350403,0.3222567488986906
3.247213700593921,-1.5801048086900842,0.25664964707351795
3.3294547472248253,-1.5713635859291692,0.19127676472438215
3.0326390969137376,-1.584101776204153,0.4154869794225851
2.791267576646837,-1.5765468940162473,0.40371857508847403
3.215662680724176,-1.5469722043871272,0.2978271139043004
2.981684885347962,-1.5243899946008368,0.4780742943731349
3.2020554238655365,-1.5520704614455234,0.32356539810253887
3.2080670466948664,-1.5609704236579294,0.34864691021256544
2.9348987178434554,-1.5098396465434918,0.3639712801865588
2.870947102446954,-1.5537807274467499,0.28210530454710747
3.0755979750525677,-1.5393035276143252,0.33127288064335464
3.347672796807138,-1.597849787382501,0.4050701069721714
2.829464290894468,-1.5966803127570715,0.4454042737378975
2.8390728064189763,-1.6353258084900144,0.33220042409846795
3.164995477727608,-1.5246424161946082,0.318257968122674
3.022580858822041,-1.5591341820687679,0.4618010514603212
3.295401453813933,-1.557206990993812,0.32343153616123466
3.1002293300582213,-1.5863002847240033,0.30451368338791174
3.077101276919356,-1.5497388940794277,0.31891081174769664
2.7968763447332843,-1.5710792189591094,0.27588526609390984
3.2658907511494095,-1.572209906621429,0.3637571716419186
2.9206261969440863,-1.5425939409065097,0.32608214781866374
3.09454967817253,-1.5350938075029157,0.2760854088181493
3.0500387546315415,-1.6271542839763455,0.36984437797599373
3.399185848739884,-1.6321496520226244,0.2853659314412563
2.7770078733965655,-1.6042245623925515,0.4481736233522881
3.2426207299078316,-1.5732110973067783,0.43584011574998194
3.0706495282461783,-1.5481593095617026,0.43115327200064324
3.199444799945979,-1.5506951618003437,0.41711108937983044
3.3864743025692943,-1.6115591016066044,0.17216324883779877
3.1826119109068665,-1.607013015062516,0.3989130519369307
3.184002120576591,-1.587273471881311,0.2905824018324691
3.025530541215685,-1.5631749214006154,0.2799504306596555
2.7598731821010554,-1.585914795673871,0.3543834145131546
2.767155307065804,-1.6277893193717814,0.3705186007736606
3.103327554507502,-1.5912745288635577,0.1523683400402835
2.8324202729949146,-1.573924610939295,0.4053533296848189
3.061886911308166,-1.5596999313297757,0.3852420450463346
2.976645245020661,-1.566202905624248,0.17281541000014294
2.9142667518593868,-1.533210912962834,0.3425637459423951
2.9961455690379446,-1.5782744001482256,0.32486684101735436
3.1049744054272406,-1.5713317215699565,0.18972921855618902
3.13395869172061,-1.5900036179038322,0.28049523235122564
3.1428001404382324,-1.5567620910352915,0.38965286737722543
2.8496632600257734,-1.5959515398562931,0.44073005628279754
2.9316943327237466,-1.5893581058319521,0.36909628739355554
3.19656053124545,-1.5710828339427052,0.4174797333095521
2.8813474125583194,-1.569161941632922,0.6779663945378525
3.033288113077152,-1.6281398532172788,0.22243953430561597
3.1769248375574564,-1.5668835076972611,0.3366979480506135
3.0178561525603094,-1.5637285826384748,0.4297236323189022
3.412627696463327,-1.6323022420699014,0.3820446578560236
3.0933972383875723,-1.607019825008689,0.4124619813832189
3.1535046058346934,-1.572193320493488,0.29840549651271453
2.892895853128041,-1.5497002638615311,0.35643209598077785
3.2076531845337715,-1.5844485532449224,0.32180750189959784
3.2533365415099698,-1.5640793034345768,0.30871354308165905
2.756932186056314,-1.5741945654841512,0.24469703606283313
2.841832391845979,-1.541296288415721,0.5429637600798807
3.2039927053305006,-1.558154373464063,0.45022699731745464
3.0081008844379804,-1.6195733908767371,0.501893617156051
3.259055616172821,-1.5858449437111266,0.321378848752589
3.3012243837805246,-1.6203367635292594,0.3545933254352745
2.985969013747004,-1.5942708422581837,0.4116662316157306
2.6606492195113014,-1.573889951499428,0.5123256761632287
3.1148636211048646,-1.5565675393481395,0.2846952554128338
2.7056380946330014,-1.5616648779975348,0.5298326865009285
2.715330462570797,-1.5819655758064994,0.23286910396993385
3.1781804657120496,-1.6156118143696048,0.40234071931419985
3.0762504764230103,-1.590714239298695,0.35432370734869734
3.2020587618744174,-1.6106220814121137,0.3362656215667695
3.138058068487769,-1.5507737024643402,0.37525302216093487
3.195853103671192,-1.5944470990216975,0.35716315548870203
2.9182925357890297,-1.5371196199892567,0.3939645877405069
2.9388631327234402,-1.6330405123004696,0.3601851826605471
3.3379022602727964,-1.533147851854153,0.5294637618252006
3.0104956471742303,-1.5776164478264605,0.3795906796959788
3.107647684948157,-1.5675646580466016,0.24624394351312365
2.7795714017722735,-1.5735070896391516,0.6082076294816827
2.8797120864775367,-1.5814198997191666,0.3012752674935939
3.019021234021623,-1.5637311666044464,0.3016671999844491
3.377133835403236,-1.5813227403191648,0.2318606269248583
2.9737061880400137,-1.6069558369266825,0.2547201510812038
3.235529904244543,-1.6248576123099507,0.3083078568074233
3.072617156029049,-1.5149119778159894,0.34315651722668084
2.8975497216632164,-1.5327153491532424,0.44202722859442545
2.8995287478157827,-1.588750426277283,0.2805857406470277
2.9765627423337637,-1.5704636744974088,0.34713924334404
3.120542377774521,-1.5371301852326777,0.34097595800795394
2.7077366397038953,-1.6445099062955615,0.4379550493682411
3.079835055205912,-1.5328197775641004,0.3740538433995303
2.9495067810881066,-1.5489473635349207,0.29041099594797
2.710535537660632,-1.599324312485401,0.22049739578174543
3.231581727300717,-1.5670550383321464,0.34505528151868975
2.950347156418769,-1.5750557008686499,0.379041936105465
2.831957653009996,-1.6397349472289835,0.38053448004863877
2.627830761157298,-1.6228741770776138,0.4180401073414914
3.019585927833945,-1.5812880615969254,0.34876388869358893
3.1259003615335157,-1.4821021762023239,0.3160896093367929
3.4777650358688206,-1.5934958484422224,0.4166092618088554
2.9675144875744746,-1.6001786770724626,0.38982210319481736
3.180564421174897,-1.5751519164514545,0.37240758225434245
2.7335170683343364,-1.5706822591643452,0.33177924654148333
2.9440605311184425,-1.5544773042221924,0.33963912866416346
2.997617849277833,-1.5794055632498596,0.40913442008429546
3.014091064514472,-1.599139417961773,0.1929335886945342
2.9675207888700226,-1.591920785780029,0.4316799701796419
3.2130294453844535,-1.6761289173873,0.4341361284073026
3.3142525257756623,-1.5837234367077402,0.22296422290018653
2.854763797220865,-1.5737038536929346,0.4434031284908223
3.1087922036858253,-1.6159231640806182,0.34293164078631005
3.1805945689751316,-1.5959690614950106,0.43956477369872016
2.851479486546625,-1.5853190174790528,0.3718250430224084
2.9947428999501238,-1.6245400519454136,0.32442852623884183
2.8554398349818335,-1.6517583662458972,0.48379041969701553
3.177997471465596,-1.60130695485132,0.21105694866713365
3.3810589576007057,-1.5822690545847313,0.41101017338927454
3.062133687128977,-1.6477529467753724,0.2934329025661787
2.9809902595150115,-1.5820040584716981,0.2401252314564558
3.1028600981634242,-1.5840871580733769,0.3200919298697952
2.812726302357873,-1.4972866127828663,0.2871534683059344
3.168493930177582,-1.5725250115202372,0.3808141708427285
2.958235410050601,-1.6023045418625148,0.10532911385139886
3.1147038935470106,-1.5795977553374565,0.2918126268181527
3.043900191147894,-1.5478998795585486,0.3435331162688515
2.9227028373504385,-1.5635072740000953,0.4685236079920484
3.257422977818031,-1.6146071511976547,0.32522062634087745
2.802753629253022,-1.6138886825587275,0.38184045350464607
2.942146098739061,-1.6048724930388847,0.29620936980217283
2.7426232181984065,-1.5891237237555724,0.3239993827423535
3.128839365486907,-1.5717191701747169,0.4113046284742401
2.5914362132107382,-1.547891271407931,0.3757068657967957
3.0193922970276956,-1.5056748862719314,0.2544919500291294
3.0372196494801176,-1.6027775624639389,0.3655704641437001
2.6247738787478787,-1.6143696850211942,0.35081622359198317
3.0774569704409642,-1.5230414162918393,0.24013185059077707
2.807109656013217,-1.6182963917711628,0.4466019636541301
2.8440796877837475,-1.5513840664565834,0.2952965263974186
2.9899069892957018,-1.5606941534665197,0.3809724340399335
2.9722111468371306,-1.6026305256748277,0.4500105715232733
3.150852380815833,-1.588032881521049,0.2500820631949423
3.128875873138768,-1.578076327185653,0.37304422274381677
2.9372022876161146,-1.6036956812186114,0.36301347504595055
3.288035633388532,-1.5765218552745972,0.26192453110895925
2.9520957862387487,-1.5715496172524572,0.3478345767584109
2.968333170232038,-1.5488818700944202,0.2868269451302817
3.2167555811659265,-1.6136973238817318,0.24079753128577666
3.073558300046201,-1.572948758441859,0.20051062155852462
2.7832984484079297,-1.544156090090774,0.2851862586222494
2.7863150813038904,-1.6052068930336334,0.4497108833001879
3.3958588987015643,-1.5507801350653856,0.3557764916448668
2.94518131393707,-1.4999712132011656,0.44599295661004207
2.9512078373160135,-1.5831916476213683,0.49831516514157287
2.7856928733586486,-1.5590103483255842,0.4003852500364793
3.1961030635918792,-1.5901782977718009,0.40113012550428295
3.0459523579152328,-1.5829879256603134,0.3377070386858349
2.894968855091353,-1.5871691727414057,0.3852267511348966
3.122879730591957,-1.5265305586314044,0.45329725215557487
2.680592033040851,-1.5762650798809255,0.35544930635551175
3.1192038547864605,-1.5527793125485834,0.3910901806232797
3.474953497610383,-1.5373434680676652,0.3033297156673967
3.7182985051383652,-1.5578145337274434,0.2672015599533603
2.5134133213051637,-1.5901918006017117,0.4404975590142154
3.0705748373616677,-1.6432566976148848,0.39841096766701256
3.174082525273539,-1.5541922625865527,0.37002932683466727
3.0619830682689493,-1.512369668364004,0.24164973169315532
2.937249161246775,-1.5899151580424908,0.5037266302333195
3.2438384934717712,-1.5406502663186843,0.3477215503995563
3.247404903269829,-1.556810625925027,0.3025987247819598
2.6552415753275933,-1.5970099070625874,0.3638090562067429
2.877521208459345,-1.5931206480367168,0.46790924018190405
3.4877719608484674,-1.5562128864450273,0.34609262111272726
2.9902245719394873,-1.6079417029306642,0.35429397928654693
3.2873051426841577,-1.5978150822444823,0.301733402056894
2.957879972299169,-1.6101127509360302,0.31638358264895405
3.0149305975666487,-1.615404953408292,0.3643997316388534
3.0769380161298647,-1.6342683009677172,0.4954866601157518
3.395232169612967,-1.517939146313013,0.3638555352370345
2.9239798480953674,-1.536911749375853,0.3834285588193789
2.9441295339866294,-1.5956405508455493,0.46266511094162577
3.0538551475303213,-1.5781865321091213,0.2993161318226568
3.280704774005242,-1.5121085091426298,0.38516260463323626
3.224287792360458,-1.5268748943395531,0.38377105148058827
2.89951497539093,-1.5375344523056271,0.25783414747088773
3.047413477788434,-1.5119161531550689,0.32277210338177725
3.0403806346062994,-1.4969593375907975,0.25583636215881667
3.0196533781266375,-1.6332991675352144,0.4029301514955843
2.9766839101490015,-1.6026301993368246,0.41116836922014355
2.971361933658562,-1.5782312836917647,0.30268100278459403
2.850546826292644,-1.578303279642434,0.32644826665343096
2.944814364323735,-1.6155382819048736,0.28496134183995925
3.163424375748443,-1.5247144039248963,0.2073601143520184
3.0403557244679296,-1.5590604771190313,0.28626477886887336
2.788279313500186,-1.5642392805105827,0.3773367003465874
2.794552434692955,-1.4925920038126028,0.37752965162009694
2.8247996436744165,-1.6195052890647612,0.38250910931047855
2.879054782406382,-1.599059206862869,0.4194277231882083
3.2602537519608616,-1.5472467507622107,0.28582690327595955
3.2708388548446217,-1.5020861287637055,0.40605095381904144
3.151574177021556,-1.5624886202925579,0.5921136782182905
2.915909396007376,-1.609888341816491,0.3647254869655763
2.8519553721327418,-1.5844182840231833,0.38882254085734624
3.0501064884493387,-1.5637540792643705,0.5077467354839302
3.1723490665289855,-1.5985514096865465,0.3622868231769174
2.795567664362846,-1.5759696117174187,0.4059776303414634
2.8785589194969323,-1.6521973634603369,0.3863608519633443
2.968201484705365,-1.5994944520991237,0.40160491459390113
3.1375954392130416,-1.5534875077584824,0.30411189855120774
3.2952016506143247,-1.5892461000769917,0.47998567451324514
2.8361350434780452,-1.581221810559948,0.179652735106191
3.2692829784122157,-1.5413412498531334,0.24444169762211237
2.8404920276916075,-1.544014743254588,0.3531715013710767
3.194667655149339,-1.5630024869106973,0.428865705315422
2.997015562802016,-1.5374191607196752,0.3536922494427813
2.9387322735499066,-1.6053110759714158,0.36634450684578745
3.131853717961377,-1.5850244749641351,0.4367531418404057
3.212310494184528,-1.5344229325154262,0.33869372127280106
2.7224937113623238,-1.5868916933317072,0.20579083200092269
2.730918921299027,-1.6272785075326757,0.42379553500624717
3.1482828799955156,-1.5134411088899324,0.38488979665929546
3.0540839268300255,-1.5388590536952413,0.37169269433578744
3.013680196526614,-1.5885333380262743,0.22859304849716916
2.875594662153215,-1.6239148117711482,0.36500845104044205
3.307543631325265,-1.6051650708212497,0.5402384441918082
3.148742580496895,-1.6076298409624346,0.25733076867805904
3.463235620693232,-1.6002497215525824,0.3040392292235879
3.0624632520947825,-1.5783797729535725,0.286750891787698
2.6492043272576855,-1.6455279376951224,0.3634109850138961
2.9274636866639923,-1.528158046179623,0.3360178527607966
2.980820600887642,-1.5492996205629481,0.0941594861734139
3.228192692298659,-1.59268357277762,0.20278222816487082
2.848389750913306,-1.5616889465804231,0.42995725863290457
3.337869980974494,-1.5641760077865958,0.30607750934450606
2.985185621870683,-1.5834625317769513,0.4059728126238181
2.7013361884140923,-1.5503159502538733,0.3854747258215443
3.124954135222117,-1.6418288182682546,0.23654206245520026
3.145345230155578,-1.571454617993178,0.33684748824031047
3.2712988378682346,-1.6309741679838248,0.28139085695835847
2.8237109855606723,-1.6580164283848742,0.4399963633302141
2.9668596055225107,-1.5369847291187007,0.3462070901300933
2.8826851822227995,-1.6104551193633787,0.3138178501609087
2.9701170203261698,-1.612258631100704,0.26076526890523694
3.1287542001912425,-1.525822142562282,0.29714391833565656
3.404257208876101,-1.5364535131759247,0.28278859299302367
2.925315299166925,-1.6310018772348698,0.2755641931294247
2.9909744583255597,-1.647243345928912,0.42596358181698196
3.080937556271639,-1.5946525939381075,0.32094985302811596
2.705886518345496,-1.6276985549506806,0.4255931558543986
3.304289129599596,-1.6008036662914447,0.5159808103074348
2.8398209188977557,-1.6011845649267462,0.460807322800451
2.9417332513272747,-1.5523911790013951,0.5387478663557115
3.0507120827405334,-1.5722191862213464,0.34434344470586176
2.9078110479634436,-1.5717528677213903,0.3781007298412683
3.1194879105496955,-1.520299481866996,0.21736297116582043
3.194282452402633,-1.5145171871824514,0.2902798075801021
3.1055041447990526,-1.6100675346834925,0.28719614005800076
3.230299584905899,-1.59984686316201,0.34361888255812295
3.1498187410775964,-1.5548830567373848,0.42107615567199663
2.816275121575131,-1.5267294535495304,0.30180585604252086
2.8821454476834205,-1.5896753299906363,0.356787104337827
3.0351528811133828,-1.5806465838610262,0.2645687535216423
3.0339087144996575,-1.6121169100497272,0.24763068142287115
3.2301514467375734,-1.5657999752743454,0.3319519437763985
3.2970436962290806,-1.6049442415761805,0.39724206998242406
3.1358128820836715,-1.580026269665064,0.2016209671613412
2.9000410871744764,-1.6214774645132626,0.2914442937576879
2.9916236817058386,-1.5992338128833286,0.3775543997017363
3.0073950076420854,-1.5550640901195507,0.3713329067213138
2.9872798592228453,-1.589518879282164,0.29598945999043746
2.751478439079378,-1.5786161519730468,0.2817120762950888
2.878059112455539,-1.5758024512675763,0.27151255136614877
3.3224687785012708,-1.5968769458299321,0.18104381476126816
2.6556911417683664,-1.6056615952550293,0.41346917552169454
2.7869944246962657,-1.5956771186160417,0.36511443061679094
3.185822586838007,-1.5899121101202025,0.37756899308623904
2.887738851726334,-1.6037867571878115,0.2399169100567359
2.962627392005953,-1.5828167639233377,0.2206712374762646
3.025212211503727,-1.6019035141323497,0.3787522209612252
3.035513626841803,-1.5859601925329598,0.26806077221694335
2.9348233037718523,-1.5582603730916469,0.30942713035484276
2.9523342532325203,-1.6431723953349548,0.34774744950922565
3.1082412849446746,-1.6450253267136754,0.2923057505034667
2.869421679286506,-1.58556547628377,0.39954776362470346
3.035475177550596,-1.5766047577402262,0.42148490980381714
3.1387508472307264,-1.6049474738556815,0.43045161931413933
2.7069883597996416,-1.5681129610872901,0.320846208755823
3.037088577655848,-1.6096454563540445,0.573182883986772
3.1457856142276954,-1.5996798662576386,0.37631734622280627
2.9574623605354566,-1.5564262704653125,0.3582166390969614
2.74137767792873,-1.6225953597908265,0.2632669410505085
3.0421358749345275,-1.5480936684734592,0.3618927959653483
2.9390257974759693,-1.5792798180483698,0.380579779946917
2.806037754801238,-1.5649317268609524,0.2504241299648997
3.2589794940818386,-1.5964574597307823,0.48953826221196606
2.9692136107547675,-1.5730899221573857,0.3651295971532146
3.0609607218406567,-1.5837636891137292,0.24198918678877887
2.9021536423514918,-1.6191939475038513,0.23839224104913664
3.134382097033353,-1.5678923955360755,0.18832897074740695
3.174241773861386,-1.6031978098498312,0.38793042310734693
2.8977883211694024,-1.6090756697984356,0.402460027884238
2.9547491788033153,-1.55030998919426,0.4457207500577624
2.932532972477004,-1.6064684071266506,0.3494084148530951
2.743065840199988,-1.5761183384862256,0.3744398012196734
3.3229288554551575,-1.5481200010135066,0.41223836944800835
3.1596325374780516,-1.6075177857298952,0.31016295926084225
3.0381732382153057,-1.5991323757422276,0.4380173823318176
2.9732218500062784,-1.5938733205311344,0.4324290684432838
3.361280927027612,-1.5726654602003098,0.28774281215066116
2.9579599218599846,-1.5700927480444182,0.3273171091576843
3.152019439951395,-1.6229360176802974,0.21384636885851796
3.223545576740797,-1.5818536636176452,0.3368755377457303
2.5128771406533534,-1.592983431395651,0.4120999152832836
3.0692746856331325,-1.5430881528931069,0.27933180445799877
3.0566193444594436,-1.57481657742857,0.26822672666904757
3.06119480345611,-1.5584908607561148,0.4221416192013082
2.8540919430750993,-1.5420742699537442,0.43012607335764536
3.0818327134277888,-1.5986816284451308,0.48045206318241607
3.2543195435310905,-1.577448491941545,0.3208146522310027
2.9325516189756393,-1.5157854837753055,0.4044256911360954
2.882702045522043,-1.5931408642644307,0.3665106772929888
3.117319793867553,-1.5465725245647837,0.1808798800446181
2.8616510979642626,-1.5825664623925657,0.2561017718018675
3.2514116470783474,-1.5343475461359364,0.32857164684422746
3.1592441481196936,-1.534183919493801,0.2345112664669265
2.9098926927982474,-1.601758584150758,0.45138179392768063
2.7487688049027543,-1.5262650811560345,0.48809084401617486
3.02175926619819,-1.6545414469685726,0.27398519411711797
3.0242369887676337,-1.5793181333371513,0.31245033474583295
2.9053858268697943,-1.6434885131381831,0.4271456031517379
3.0048239323519765,-1.5634497539642722,0.18763872661120023
2.95904757598355,-1.5572241071075343,0.4949269857355381
3.005337276210488,-1.5869912646168058,0.33764029657384304
2.6547656203192056,-1.6357305675508864,0.5369329040800522
2.507560299501827,-1.605406366998938,0.3738654337442844
3.162808131516838,-1.6074013110329546,0.13855408297689067
3.0062539442164846,-1.5150936281649978,0.38303916246450675
3.296232143984881,-1.5822315448190973,0.3086547879601256
3.35540242118229,-1.539596537419931,0.3387514899810687
3.3686533878547107,-1.6111349922156897,0.3335895497680129
3.3175752837082437,-1.5590958387558207,0.31505061961558123
3.034880260835211,-1.5467677047043653,0.27431515531597095
3.207692232944436,-1.6046072157901055,0.48684155456694
3.3811538309834597,-1.6058445773756587,0.3193791184115351
3.1810976712407735,-1.5174972638342923,0.5047845686841592
2.9276456681090823,-1.5753448463951616,0.2600951954787303
3.0932150750054306,-1.6254135865788046,0.38697445077670967
2.6874423528012406,-1.6176592906082286,0.366202081219364
3.047925434173403,-1.5255954723760832,0.2675040654460789
3.3131501592301325,-1.580765415751108,0.3483421437124143
3.2306179463109426,-1.5075645995466083,0.21363279289937454
3.1339642389089706,-1.6262083164543129,0.4257043496684516
2.9442714457692505,-1.5883327752809542,0.38228649078351884
2.8702067539573397,-1.5773539095549116,0.28037618843993883
2.7669532554785143,-1.6094262142446627,0.16097174418489857
2.7052891979164637,-1.614201076360751,0.325430192956468
3.0805528809489604,-1.5241702245790947,0.23647871889567937
2.6647729720748616,-1.5900788230786294,0.2635367785638819
2.642766570216435,-1.549953707108781,0.3867777069188303
3.4574405384152254,-1.5879505346938403,0.27447563242314943
2.8645168306562145,-1.6107030015758894,0.3153103408404513
3.337813190518271,-1.5757338850673897,0.4313404473464955
3.067047248150821,-1.525408089541701,0.30747922893208784
2.8553204067808506,-1.5665294203246691,0.46511210858738394
2.901685354696804,-1.5283548092463726,0.34364996140729387
3.133022632176949,-1.5513084055165989,0.32753990861907395
3.192723592027631,-1.5802755391926069,0.24852641859692615
2.8171232037657936,-1.617112250499652,0.45125030928785576
3.129166558939814,-1.5646001509342848,0.4191475036065334
2.847086746738876,-1.5937457380755056,0.4802112376453985
2.7552674300823825,-1.6028481457670127,0.40994804406412727
2.882954412725294,-1.633290681817759,0.32474670814955175
3.2172292576484436,-1.6288845275849926,0.2652396586577561
2.8221191308929936,-1.5948342339922512,0.2678021476452067
3.146285171047572,-1.5924459681137904,0.38909423587427455
2.9301690959171283,-1.6298519984164586,0.18038510540920064
3.1195989429478974,-1.5690327450804553,0.25354187969941144
2.983886268617105,-1.5765463156366446,0.42966032633066237
2.9527470611770434,-1.5638209125835003,0.39204166437061033
2.8451596705181683,-1.5978355708536893,0.5055391155715141
3.0314100627489373,-1.572649637344053,0.2655260097887246
3.3466600393091483,-1.5448888149251896,0.33179586756647966
3.310764176178581,-1.5248976050946712,0.47137761618036256
2.890029109282227,-1.6298937699784146,0.4112785661694342
2.9376653796993497,-1.6238216562549268,0.3791463493866546
3.193502648878705,-1.6133430131391104,0.4197854082831
3.152372194136606,-1.5575553253552201,0.3250880886614087
3.1252501917630524,-1.5829884196031878,0.308090527583957
3.0016303836498985,-1.5478983535603543,0.30078128454531594
2.961447033415828,-1.6197948544337444,0.3695960610317525
3.207016997560416,-1.5840947501139482,0.48043756943146865
2.727491267180108,-1.6092578356575196,0.42407519274196503
2.545454168424384,-1.6549554174681087,0.34830574866733094
2.8822138278931333,-1.5856163276754576,0.46013189181800074
3.025588846785631,-1.5986084993426635,0.3826630984282584
2.7838528614568,-1.5597774228944248,0.2699353714032865
2.7027122389668374,-1.6094614223796586,0.4899640890123229
3.1054905319573414,-1.56678227037571,0.21286509203520293
3.320215523370786,-1.5721820068394496,0.4243835369156753
2.819104234333165,-1.5940272732101717,0.2077941196485579
3.371730991075487,-1.6018252118746379,0.2645123111750967
2.9306757723962926,-1.558923396792983,0.2690995166560055
3.07929976735011,-1.5889629552598088,0.3635992805665307
2.8184382315357963,-1.544724674663943,0.19526320613224357
3.004008920690828,-1.5768477244095829,0.4191094133989438
2.955701182439433,-1.541872544825066,0.4267643862342483
3.1861226336501307,-1.5590614630327164,0.43639530139329763
3.0055590663035416,-1.5668033635960976,0.29256380535486737
3.163243178467476,-1.6255556429737845,0.4239357892696574
2.987926439004635,-1.5773197327838242,0.34873779928851345
3.2369342292224035,-1.523271751928818,0.1500242550478512
2.943841071197914,-1.5740011519317199,0.3791665925018497
3.2118243824465114,-1.610632918304782,0.3518641231275106
3.169052242862993,-1.5872207770704587,0.4410495053717683
2.9067729810687193,-1.5927838392152003,0.32575810773004443
2.993625906121313,-1.6109646334765786,0.31508899666862467
3.2978028419303915,-1.6057502842104112,0.3308754533186314
2.8816473497284774,-1.5406525679568435,0.2233164782425382
3.3992239125349246,-1.5813856142634257,0.4038105869959415
3.1650654217581264,-1.5132385147799945,0.14664584410538803
3.0323971678539445,-1.5787867503326658,0.30366907690150635
2.828852608305621,-1.6543751341209576,0.3801104530116269
3.410799656979175,-1.5817245189979894,0.4502767469719581
3.1286961638369504,-1.5927040760289524,0.333367163756338
2.8398597448133582,-1.5340254551819217,0.36637210814561905
2.9832264098586685,-1.544516933889825,0.22995334201537618
3.0249520085674355,-1.5212044460975307,0.2545901346243892
3.1833815888508097,-1.5813225198790797,0.40885410191954896
2.9262681377117645,-1.5958908298682104,0.2356861018428724
2.9077584589324843,-1.56810160574442,0.4954760214447736
3.0828922443498583,-1.5468383319391326,0.28805335882512695
2.9594673390105153,-1.6421920456524217,0.3630894714737488
3.0400496571962403,-1.5531874433170023,0.3087960059694065
2.8405663786758586,-1.6366256940576098,0.35019966878039877
2.7806294596164465,-1.6014536755525814,0.38852239918210296
3.414339120956599,-1.565840761371671,0.3230470056812208
3.186268960814338,-1.5403565848576306,0.4527094250013337
2.885508775448266,-1.5708686620357237,0.3794519596488139
3.097743543882918,-1.6324154030821656,0.412339354896979
3.1888935087031114,-1.6179899772179571,0.19712609456739033
2.733303530159333,-1.5683755744219916,0.21153273784000182
3.0368635343499575,-1.6149490968007216,0.3401733763972017
3.254354823469763,-1.5852421671200243,0.4347310175757341
3.019229224440529,-1.5761953223095895,0.23793173235831516
2.8136427395483716,-1.5314649301770598,0.2978240968247098
2.665728529846906,-1.5414703295001841,0.3519064940280085
2.824967717634401,-1.5145721164927148,0.4286212039318802
2.9761070767481352,-1.5933578446442258,0.27905566371475987
3.0876819339077626,-1.5617295410242178,0.43517353254921776
2.8101541355100816,-1.5287537037976646,0.2550749308311424
3.1934159178453747,-1.54987371066928,0.3044303401995303
3.190419510878235,-1.6344461000128616,0.3073406459172766
2.895018167269327,-1.5669650298579072,0.2629105878472214
3.1425050448614718,-1.5353958083484849,0.26432041025583225
2.967768445829491,-1.6506386842112726,0.23247315529905777
2.9951471444661726,-1.5840287416510155,0.27439153963019414
3.145801255192386,-1.559978627690478,0.36808330923655463
3.37124003515748,-1.5645914561389795,0.3080642239595077
3.067928692370746,-1.5987262718654462,0.44826630214820995
2.8807620280762585,-1.569250338211532,0.40272290508271863
3.3100030296981138,-1.534637813428612,0.261097875254342
3.218866814761701,-1.573707855502115,0.3721864705946304
2.9760656040384883,-1.6483612841978008,0.49652936397204334
2.941381348882817,-1.5522900827950457,0.3617806954885915
3.1236956430392113,-1.6204219524968762,0.37391905160063166
3.1656319139538263,-1.620499464513532,0.27298009435579224
3.364057519574702,-1.5624829779507354,0.3091888599943259
2.9967667026332716,-1.5766935801372481,0.25415496461884884
2.9751499291226557,-1.5921863154572424,0.3029214613582523
3.3753653860789274,-1.5552582814192255,0.42378067983962575
3.0604319847033796,-1.5771367941037115,0.27318069087055885
3.108979629901356,-1.5546542447757106,0.37604097599150904
2.8523085029705046,-1.5826935020261317,0.3693915275531883
3.3061151286084214,-1.6147902965210794,0.28374964667673885
2.781602570044028,-1.5640005360094338,0.36271949874394666
2.7948980389727214,-1.5651913532441215,0.3922026260691282
2.854868019498391,-1.6008747587566252,0.29721753430805137
2.9561559833511803,-1.6128073912600307,0.3875276712764609
2.8865980817272128,-1.5706213370386382,0.31674553474504263
3.006981084125574,-1.4843073857588127,0.28604811168666877
2.7709270266824717,-1.5917224266980288,0.3986890489689342
2.856104192590049,-1.5647595655605586,0.4962231191909625
3.043403001902505,-1.493971780464872,0.4174445138484356
3.029908593532933,-1.536439379429101,0.2949537038289234
3.0727660451676466,-1.5973562905581025,0.3206136003831487
2.987192970058892,-1.5865332286718725,0.20158540766796207
3.1850067053317064,-1.6260958248428294,0.32295799404024594
2.96464859624933,-1.5853527703996946,0.3450485369986817
2.873654784274079,-1.5525469399662837,0.3173325325787674
2.8730816876597913,-1.5598147522172194,0.44705653890429703
3.376906309715736,-1.5521006130637414,0.37021343238317145
3.1610475344908893,-1.498467115245004,0.2633050067913498
2.6186034740957695,-1.6219571805169877,0.2919910785516964
2.9364551867577813,-1.55334176920395,0.367230284247788
3.009097680597737,-1.5913835589870644,0.35804369804872044
2.548734878129223,-1.6361740619297092,0.2830514794131964
2.843104219604866,-1.585912847183528,0.3401085041366401
3.371314559305022,-1.545413873391777,0.2767142773418213
2.750362821748139,-1.5767412027857193,0.3417162704147202
2.7477104177400786,-1.540958085671345,0.38238041979150467
2.941981844365289,-1.542572300627845,0.22227704768827158
2.586450370169703,-1.5898617092634169,0.4947704784621096
3.3583432234420867,-1.5221326732831058,0.2642341246916572
3.2046905481519423,-1.52821712374703,0.1862591842615892
3.3237274202920943,-1.6045262001626064,0.3432150468374696
2.8703153900365304,-1.5936179957559373,0.42538650359094354
2.834519167372768,-1.610562493375187,0.4955380883925321
3.024925054485681,-1.5717710990712623,0.38466461662824336
3.1239057553977836,-1.5699374734552054,0.377493787021256
3.140110143296198,-1.583526581570342,0.41382146745814946
3.3396920460779054,-1.590625491073921,0.28988685064045416
3.0792904873259728,-1.498697317332847,0.2923298693724113
3.1359533662173926,-1.550143189247341,0.32539360838966086
3.2609500797088304,-1.5435978662263121,0.2514030738630152
3.2933026056158985,-1.5935797999690622,0.4337594267194117
2.9028006875420784,-1.5791699346268604,0.28334749262450815
2.9321967840590815,-1.5746217739919735,0.36220620651028285
3.226921792901638,-1.54107783719641,0.2979620580461233
3.067151294460751,-1.5338016167640576,0.3643025747099049
3.090075773710666,-1.5888853693893268,0.3367257706695645
3.130091678693655,-1.5459839258789911,0.43385006898349
3.0247972879873144,-1.5859328302823386,0.40529253478244087
3.017485400999258,-1.551712709224924,0.5311064097158015
2.884649888999629,-1.6064968048848998,0.3636753763508505
3.5089831426624003,-1.5791880408567336,0.21519740037140886
3.148239169210611,-1.5628402033880315,0.39950731328746353
3.0456651567959803,-1.5279354451717087,0.45324875028233214
2.988266614662235,-1.5491840456368662,0.3328878771244068
3.2317114233275674,-1.4930865632025203,0.5326543470055681
2.9732388234808704,-1.5413132228553312,0.32742292132824213
2.7918509642682516,-1.6154165949364667,0.2650130518498237
2.9492265904764055,-1.5718535238119968,0.3325721167541528
2.920032542225617,-1.6053187178619897,0.25615753703236577
3.159340493296256,-1.5936714176423967,0.2620984416298471
3.171147012272257,-1.6013015387233724,0.42464274081874054
2.885172845914471,-1.647852454862856,0.38696878665429296
2.9658202901000896,-1.5341042225884096,0.28687206869775905
3.1203374168044293,-1.5822931938439515,0.20693552372689428
3.0267100632350545,-1.5593109423344151,0.3503583922360022
3.143147391407601,-1.5319276620170237,0.35011847669808166
3.344131728504551,-1.5665362608516342,0.340548681807244
3.1637624828663,-1.5613393889165559,0.19952888124722595
2.897117753360616,-1.5966583293488796,0.37348535133037075
3.2390031469466303,-1.557155148922211,0.3803218571664824
3.2425048862710995,-1.5505864906648004,0.2587831916597293
2.9236764279921768,-1.57434950557107,0.31623016686754873
3.0466821226916077,-1.6005204193276157,0.4917335668422571
3.2275330242153517,-1.5301480710637607,0.1780930523970927
2.9910474912509777,-1.5452825423487901,0.275362829479486
3.385651985315016,-1.575173248488391,0.2614697160088274
2.653062430659032,-1.6149293519529357,0.4731553321123336
2.8767959842404047,-1.5884986306035955,0.4096709174615086
2.833097375864177,-1.6092226024759213,0.3375888940570159
3.382570394328359,-1.5855155129339669,0.43632235676341563
2.7724351276025945,-1.6451747796857177,0.45686877142490306
3.380788421991039,-1.591600337134413,0.3002270159857672
3.019724771517244,-1.5957382111269063,0.3030983523321489
3.1058290730833162,-1.620984000746147,0.5514386327370246
3.2520813640200195,-1.639438365851585,0.35033024756957865
3.4226821959741973,-1.542133350910293,0.32987581563424834
2.869789815203845,-1.5465639242259928,0.31776943942586516
2.9860748510690494,-1.545552668093215,0.2508426252592338
3.096251021970564,-1.5318806970693704,0.43168164770773193
3.2770052264110023,-1.600032897837314,0.31791699940289675
3.018045984150837,-1.598045437255906,0.3902725450469466
2.994733735845042,-1.561270035368584,0.4765345772596438
2.7746269486670614,-1.6688210615822854,0.3895027381666379
3.144697689831336,-1.5697425497205193,0.4020708955915733
3.2729596392765696,-1.5110706146585267,0.224451346113664
2.7392791574628594,-1.5985927514464042,0.3273507092957065
2.906473047550929,-1.5762978216343153,0.4808816919749478
2.9404643308830614,-1.6076605508563406,0.3503058387884983
3.1310207617510013,-1.6210780083934664,0.25682461575874477
2.7168433565074857,-1.594645725115754,0.39962626264038587
3.2298201150717327,-1.618776574483566,0.23591359048133415
3.087332960921784,-1.6544480654142757,0.21425970939698075
2.8771098022795933,-1.5706564148382856,0.3684716784310049
3.284653768021763,-1.5063788074466318,0.27762015857091427
3.2876932440919,-1.5488132502665246,0.3693210211200487
3.172702822325615,-1.5696931115078216,0.26550654791652417
2.9246899667021053,-1.5552467745766378,0.5138563270403005
3.1644780728819937,-1.5196092329593403,0.3349540949208942
3.316019631884835,-1.5621230100492796,0.36475654098422927
3.363265843824739,-1.5626348824621312,0.2321155993903694
3.262939158674841,-1.5790263505794686,0.277774719508346
2.737368086441862,-1.6110299362592677,0.4603016295193708
3.1201651716931873,-1.5935386158691394,0.37840658220237083
2.793405280878477,-1.5303094126137202,0.3041580385135262
2.7825318282635663,-1.6435837174694004,0.38914144395534017
2.921682154168743,-1.6467312462169295,0.2640522916881044
3.0426973018076504,-1.588185501922696,0.4403008859841895
2.9590698397035236,-1.5342635331935166,0.30277872217883
3.1202132655578927,-1.6079954629120619,0.45219453883395944
3.0412743479245923,-1.5796798709516597,0.2556681562076041
2.9643289110468025,-1.5851316315388568,0.1563491476660106
2.9694973229436195,-1.5366820701045276,0.3091997556636318
2.875369641308576,-1.5767741000069642,0.16759051211733061
3.0220561816381917,-1.5720476952345404,0.4878789663369301
3.0364252821289144,-1.544538829014775,0.35125135509242306
3.0191719715736185,-1.5752570723714303,0.45540858389924455
3.108863619244252,-1.5588107018530881,0.3630730584806887
2.959595069622327,-1.608903538606042,0.48082014738362694
2.8391693306825236,-1.5309436484150494,0.3282143813041262
2.9022106465013993,-1.6003792291811798,0.47821239048948355
3.3713684789325624,-1.5785818195102572,0.3812044050175531
2.7017198404345177,-1.5818896973673409,0.34447426356477373
3.0645640185930545,-1.5612631340370695,0.297823231837613
3.0306627246433626,-1.5702790489781033,0.4004987453695697
2.910762382269865,-1.608995860447578,0.3190747680154744
2.9475102279254326,-1.5579440255547363,0.37113627610647204
2.7348908302957886,-1.6290823215832322,0.3160147199439902
3.3415211053183045,-1.5696759845499968,0.36841016376002667
3.165433529879904,-1.5937005495148764,0.3615067315653464
3.185484791405117,-1.5545785048837502,0.3489890147432552
3.330425920946322,-1.5899710821571962,0.4263234466946436
2.9879346322053677,-1.536677854533017,0.468584867053667
3.002250787467614,-1.6028814992458225,0.36331299097962133
3.130081347673359,-1.56762576100348,0.2854974542375016
3.0428862645822887,-1.5672483614067194,0.33138058065484327
2.7851086363204223,-1.5485701009659303,0.5168800241642095
2.6531243906452238,-1.6309488487711168,0.46702969542090256
3.008758381375076,-1.5164748286447198,0.4588723288340206
2.957664282930276,-1.593574840451983,0.16691942622377265
2.8424385228998093,-1.636506527292237,0.5513269201314697
3.1246765097571956,-1.5759986464394224,0.2975995922870963
3.363345240759747,-1.6061668151808244,0.2911199324699971
3.051299661861849,-1.569304199206027,0.309866175752635
2.762143949443157,-1.5651800066971115,0.2768123531522587
2.9253254443956167,-1.52974429912524,0.5030254740623716
3.0630742467368366,-1.5846364319664648,0.37553099070018314
3.15382996028743,-1.6008508646737198,0.19391093806257426
3.3021649966809776,-1.6007629167515065,0.30506361091341894
2.6899402550062725,-1.5374900133259204,0.26217187374127093
3.1443027471730924,-1.554351998138,0.3848785960842518
3.127268645437137,-1.5310048003549785,0.4151713411624316
2.8452902197416665,-1.5670875884155127,0.23974560378790025
3.284123480305866,-1.5934602175806383,0.4332478710785348
2.9883517235804664,-1.5189693437156548,0.4296897841089568
3.0789000677900615,-1.585203337782764,0.3249368066654014
2.844299810152619,-1.6036571639680803,0.3761179988055048
2.6799364819335025,-1.5892921319412339,0.3230727261911358
2.7503924622086506,-1.5568360628849485,0.3450394038029731
2.995051526353573,-1.6212222206968687,0.42044591484803273
3.3298882757678205,-1.5672515524658728,0.2896770447639497
3.081762223154756,-1.5649083490484639,0.3501970191447214
2.995459892026174,-1.6179895838213187,0.3405640473724126
3.2391718719504907,-1.55042405452157,0.30003260591645076
3.0316634254125976,-1.6318575036769705,0.5438215545483909
3.380204508972644,-1.5745704353004968,0.2633733689876077
2.992527835610005,-1.5967246074806507,0.39144853949183717
2.9918128586292294,-1.5579394136928977,0.4517538525010485
3.1353409769316376,-1.527612657150748,0.27674301660182016
3.1016445263159986,-1.530210856707911,0.48981460788703324
2.9753342157458875,-1.5888063443339098,0.4276004544631917
2.895314387825722,-1.5391272558666766,0.38627554945723064
2.9908839209672817,-1.6133375669774768,0.349792801105347
3.300488733026556,-1.5332098451022558,0.42075864404614693
2.930954342495674,-1.6193966550095686,0.5109571337633885
2.914965474281512,-1.5588682890173886,0.36488711682437264
3.1833396654928827,-1.5500425640511575,0.189751683756613
3.3814432652033695,-1.5972362232370592,0.30124190108179305
3.079228400511407,-1.5664575041720297,0.28860837127623357
3.0970295787003725,-1.511656533212878,0.2608421813492242
3.1838101421720038,-1.5762005490019786,0.48255448414195035
2.962603355577272,-1.5870944143609949,0.5017019185029179
3.281547600821946,-1.5490611417444151,0.33260940057471094
2.9148513553063853,-1.5730234142686843,0.22121351855982865
3.122009415279302,-1.53616478859292,0.2577232988720184
2.9280110444755647,-1.5669542993133005,0.3702205510476616
2.8396133515338278,-1.5346807019130144,0.45640073702355577
3.167120718426727,-1.5412114215385566,0.3470140995224569
3.206314400769992,-1.5878420181149555,0.3509882506564523
2.9424363227853902,-1.5822819860288662,0.40956222118813534
2.8481623759161496,-1.5328159436535007,0.391797677505697
3.2716123406109925,-1.584844205473698,0.487036991013911
3.1613454006029404,-1.5787317283669842,0.13950175082218313
2.9840659717994247,-1.593631215644594,0.2906506902299181
3.0630873369656717,-1.5937101087333883,0.4497417058897788
3.008507658562593,-1.586327264472387,0.40072355589330694
3.0744509315175406,-1.5066054027881135,0.2241082216849437
2.8576291527475997,-1.5426360372875867,0.37449822521102993
2.9185325762588437,-1.6058683585522073,0.25666165564585425
3.059460278482322,-1.5639475584114624,0.2745894642029157
3.1421356725517025,-1.592744726150155,0.3791858502000395
3.110991069857875,-1.5431257186803797,0.5257428264979096
2.9494896854259087,-1.534099170375234,0.4615219481950762
3.0688928790887706,-1.5700974058046877,0.4371237311086024
3.00942403901024,-1.5537981820372173,0.24273501212336418
2.6517697492308545,-1.6075239323410293,0.4215815150735648
3.237640493509004,-1.5690418200094802,0.47234333843475174
3.0521752460520633,-1.5814879760502218,0.28048286146731105
3.0035947359569954,-1.5922181854540036,0.2881053439951717
3.2092860739928266,-1.5708610779747079,0.3327477400183013
3.0124906788998764,-1.5607718530343289,0.31265450994900035
2.694184357784509,-1.573908180576627,0.4120476761448256
2.8744684341586986,-1.5488794426640755,0.2249867738046708
3.128574340142536,-1.5422424180490013,0.32419761140465797
2.8344539494451726,-1.6198507419867292,0.39912627237217657
3.340487808181629,-1.5901106408622157,0.31135317930736245
2.8351674830207654,-1.5851366364353918,0.46650256191459977
3.090345746414683,-1.5548976882383836,0.3360105875860818
2.7320120448930307,-1.6129833734903578,0.548359972599213
2.859453139074645,-1.5526210631438517,0.2920234607884331
3.1505780630408773,-1.5635690334964691,0.28079795359963167
2.620537912019533,-1.5761816002645135,0.41180143533038027
2.9936892158849484,-1.5631226516654206,0.5150566962835869
3.130816814116762,-1.528356427814875,0.1979120577318953
3.1131166087263744,-1.6049831141597313,0.40188358615327413
3.145806323524393,-1.6183977778954945,0.34631355985760764
2.9480373230893946,-1.5658960483738618,0.23607297582691217
2.9450864431087105,-1.6500212561734637,0.4793536229427363
3.1928601992152803,-1.5764456802749767,0.3415749218116495
3.252018732652265,-1.5806758199592599,0.29973070699052273
2.895285802966061,-1.5926597372344016,0.3391596957934784
3.2891788790987038,-1.490283295160683,0.30279948025716086
3.4210133275574415,-1.5412056730071617,0.2956644051356816
3.1616491332716175,-1.510330341593739,0.38035963052609406
3.036707692789706,-1.601898679859576,0.39336857226962724
2.8335753427242585,-1.5136692340181086,0.41006611567002343
2.9044374943635387,-1.5411333998057914,0.4034160918903982
2.976174674172705,-1.575062739474546,0.3173651768299164
2.9072790234317116,-1.5340216452492312,0.27458850879498586
3.3807710809081133,-1.6136755026305956,0.28919972126320564
3.0080300780523324,-1.5815674385860774,0.31268894551898013
3.058218905101297,-1.5340066089612718,0.3680705206834658
2.9663480141776866,-1.5603292102284367,0.2776957292805793
3.1255273916383115,-1.554777912654446,0.287308333117414
3.1145120434685154,-1.5981481187270548,0.3934959134807827
2.8541566158481886,-1.593537177291684,0.5554575359312894
3.1223569712345274,-1.628113739294903,0.29161160421321236
2.9943296672371003,-1.570280505252849,0.47572291706769937
2.968741523209952,-1.6153859983196461,0.44744689753693456
2.7846630067119897,-1.5325604908559813,0.3327725421393774
3.103438668323337,-1.6123929442658238,0.3135805976787575
2.966653858999472,-1.5243828323979243,0.17651065619178996
3.0552975979903634,-1.59161327275745,0.37586962936987117
2.9520392069744505,-1.63492494077464,0.2354099504931669
2.978867883509473,-1.522711202921739,0.33015889462082976
3.405237498380987,-1.5886870059122504,0.31540356349104853
3.2192355068415286,-1.5814150706814236,0.3777140257824059
2.594436064224715,-1.5630002844594988,0.5018087741449533
3.0553995666673743,-1.5905842329371176,0.4166133021022982
2.614573908560809,-1.5947474145294829,0.3339335324029362
3.012919479558689,-1.6125078960735528,0.36600073223209706
3.090774843781267,-1.5537264936983985,0.32850739239352666
2.951869949087443,-1.5798375265780293,0.2945509488477346
3.052043830809101,-1.5569772046794317,0.27306163853886417
3.085107884444559,-1.5781092777155603,0.22609560499679032
3.2692143497869957,-1.6433705406753087,0.547971835499264
3.098840325487267,-1.5912923347669576,0.3017156710447667
2.9487967470621927,-1.5924252282848141,0.19073164414238353
3.041008520382339,-1.578012691612667,0.3388778867091393
2.9834369272118018,-1.6001130804715251,0.3045691775390603
2.7949198094366428,-1.5379893943641283,0.3179776776803285
2.9950647180977206,-1.6016706567639174,0.36227207685679214
2.9836005534074137,-1.5590260057883214,0.2685016808052545
3.391836839629838,-1.6082524746262485,0.24506885654623606
3.0795308592013075,-1.5726092059261918,0.21267890340737688
3.1230361788594476,-1.5826092443263584,0.6029360307354726
3.2263650262557775,-1.596991849866794,0.27828650178564973
3.0148579855941673,-1.5968413257881613,0.5263597590139206
2.9093891155977656,-1.5320777963483163,0.3700173247074714
2.8370661139119977,-1.5960854663475645,0.471343175900541
3.454631300493488,-1.5303509693163422,0.3999632030606255
2.8850221066469364,-1.5619169282919483,0.37288288478811404
2.977650449196792,-1.5833588195208959,0.46602939372574737
3.3283314425132273,-1.5596458844477623,0.3142847734799301
2.910855579915057,-1.5474821300654062,0.44471397367653087
3.222815212441478,-1.5737815905741093,0.25774152696112057
2.6864760401507155,-1.646794531103167,0.3914897580459994
2.630484298826407,-1.6232100963531215,0.4274580320026766
3.214460473123973,-1.5602263565078809,0.23376189787134236
3.199863214572443,-1.514276541826704,0.27363348639914103
3.0044507355444123,-1.5693254543208806,0.24680845475655805
3.1435520926041933,-1.5953054094822487,0.26981770122230925
3.297085219782203,-1.5521905176167996,0.362953002964909
2.9160705180806086,-1.5460929891200736,0.273674987457768
2.6039498454628123,-1.5676198276309887,0.416986946789546
3.147106513762655,-1.5920950680867443,0.414347822897822
2.866881970678678,-1.592311660599106,0.37217737633615505
2.8505618184898474,-1.6397130857924838,0.26274748122415664
3.135068665329022,-1.5511746733525815,0.34283189338544506
2.8287725285689835,-1.6170600750260242,0.4139026988045441
2.9652129707908705,-1.5943314564214006,0.3041814879550891
2.9698744019168957,-1.5955554097823834,0.40129735405489114
2.836487143314689,-1.564783909566957,0.383347183691478
2.6099863187193337,-1.6809997234619987,0.5002358439837133
3.526161283215783,-1.5401699824043558,0.3092030010651252
2.758396471441627,-1.4910113332868948,0.31971851920615735
3.2653339120036886,-1.5398194042216096,0.4895090181664689
3.1692083968376363,-1.5770685804456008,0.3294225430797483
3.120206902977134,-1.575496594816636,0.2807226194356407
3.0338538753891293,-1.588224302251969,0.3412064062844503
3.308231079714286,-1.599947823735496,0.17831129122931028
3.28448460130699,-1.6082837831019627,0.17629401405311929
2.7698771929625052,-1.6531188157799777,0.4191594018530161
3.2578539812928904,-1.5984224334951538,0.31186879347805596
3.347146996744691,-1.5627876941724481,0.2897442118711687
3.230618346767276,-1.5916586567923177,0.3011630640684204
3.1128187044608446,-1.5465961727754725,0.28583652597376524
2.9353599498581375,-1.5199070378722568,0.5003475215777474
3.0008801900995072,-1.6425724600278115,0.49998190954571553
3.078272208418729,-1.5601750930400553,0.34053082125367456
2.6737715386900205,-1.6098712066110614,0.37168807942910603
3.4474106910891322,-1.53855530962411,0.31505925570061083
3.3023430625505243,-1.6013344097574762,0.2613156728330649
3.000425594296922,-1.5825697996620158,0.32860430968011917
2.977467014201443,-1.6314550416587978,0.26036154135395084
3.0797982601133542,-1.558496378795339,0.33155687211677787
3.2836737258580433,-1.5924745289418922,0.2628028926238764
2.735936902594243,-1.575478558865444,0.43225014408649487
3.104912176377097,-1.5819641027915232,0.5119312830711843
3.009479718359732,-1.543759565374164,0.3489274316303731
2.9444917889661366,-1.5898704062658686,0.305263514743931
3.225325863758144,-1.5719001103984396,0.3168815461034665
2.961191226229427,-1.591079605387319,0.45444012523008104
3.0729434299504113,-1.5400346884090146,0.27000039101926876
3.058536251078202,-1.579027411902864,0.2812813515481726
3.2063878544419384,-1.5287986851458548,0.3279891365817075
3.0247551023645953,-1.5771401027649754,0.31922902339524867
2.855917890453289,-1.5588663889032044,0.3039824804633988
2.8244529894047483,-1.633031471096615,0.27643836062294325
3.2508978223089646,-1.5936352929937734,0.27887351520396814
3.0787543954715813,-1.6426300377386618,0.2901563080566785
2.969893157509499,-1.6063743371489843,0.6305873280955034
2.7384751173647923,-1.6324106488564398,0.47749465362094934
3.1051519266446275,-1.6047570950681542,0.3311703400059605
2.987234213255122,-1.5950396441689552,0.3809467285964647
3.3078396790874525,-1.6307327275572532,0.26020528803947607
3.20032984527405,-1.587534356359186,0.3469468899586543
3.303186606042419,-1.5560272686371415,0.4116172999420866
2.4893339707183864,-1.5816382967176257,0.3913896306695101
3.2243648757491763,-1.5672875330859006,0.4216791276168151
3.088605119421474,-1.551700998665339,0.3968341555639837
3.1232153139689975,-1.5904963774092657,0.3827396248059876
3.1976532690702206,-1.6082250717581401,0.34648924070638887
3.214922680001231,-1.5648366697008904,0.4381154901628494
3.3474231164766994,-1.5598841788612763,0.3460816643058546
2.8956539478678933,-1.544447496079363,0.36297220184673173
3.1671503073620375,-1.6102249660010508,0.1627273710555545
3.21972740300369,-1.5650073781955411,0.4311025469256711
3.2991190139957594,-1.5863698414440874,0.3855067248000478
3.282293728294838,-1.6028903574997804,0.45352461091649343
3.083369444385144,-1.5809527533492058,0.3384716906560111
3.054127044984711,-1.5505011945798202,0.14466620072797806
2.6388914186674945,-1.6137718389456197,0.473088231099682
3.0992215313160347,-1.5622493369968486,0.3051008001700836
3.0655710373389757,-1.5769587604346045,0.23877233029645453
3.0135896900768,-1.5803048153652908,0.27587995390705156
2.893375813587223,-1.5584674027416285,0.4190282339114487
3.374197971049532,-1.5925596876902435,0.3745946078973341
3.3457062568398115,-1.5399063217506714,0.25415332450354566
3.2491471134758116,-1.6139552757838607,0.297423162627898
2.7887827903905347,-1.621000406845113,0.4413675423208747
2.927269485411975,-1.594436469541916,0.4044252399200039
3.4547789249351406,-1.612141673440839,0.36563115463255136
3.283403600498141,-1.6003800086816478,0.3970250264636648
2.687914418010105,-1.5956171221185125,0.2462127157715147
3.2531423857306785,-1.5630734531962374,0.21583172885430224
2.797467236587355,-1.5818873354336782,0.33743926548612463
2.894303016888823,-1.5743662513366314,0.3132589715164642
3.3126374300396857,-1.6233959817778223,0.4282716459416871
3.3981994463808727,-1.5975401517653076,0.31905944996097657
2.7967641022352243,-1.5758384384383874,0.4438386878856341
3.2067870476548235,-1.5844987732918763,0.3204424849043297
3.041345923315896,-1.5689449604940602,0.5007165725034276
3.0903570750743588,-1.5405600865407523,0.33100847867790284
2.7852661857743493,-1.5267485951164523,0.5223618886682311
3.446847357841431,-1.539879169937658,0.36863030118558227
3.037188954412426,-1.5809836532053234,0.44152784622393876
3.178644033441841,-1.5527653338252516,0.4259967913632672
3.225303630287822,-1.5676114031957051,0.2742835121190811
2.778045435579848,-1.5405549004707586,0.4568214119053069
2.6311428953310445,-1.63898838449763,0.4343979933487324
3.27084955517597,-1.5518505799641618,0.26283462909321514
3.329119574028656,-1.6042331884554293,0.48545866049065417
2.9838529560842817,-1.5382676833064557,0.2765029530478022
2.8274330855593317,-1.599628113534789,0.5026749725463325
3.2525970759300717,-1.5906589408622742,0.42810345694938257
3.112107348971781,-1.552583646814647,0.4497810987253982
3.4639060810342643,-1.5503842480163095,0.25710124562754044
3.0943791066043307,-1.5551144447051224,0.3315715562088226
3.0344254783642968,-1.549653393491894,0.21383691205328403
3.2782800053185075,-1.549032914892602,0.14537341573909657
2.938238871897156,-1.6106150303812674,0.3122231803686199
3.246969029988053,-1.5835440661808775,0.31177426767839467
2.7269278742526737,-1.6804488486349913,0.3257337107720124
3.0854537979878462,-1.5594756849144253,0.2836222709550714
2.992292986956529,-1.5890233076134113,0.30750849697868876
3.0125789957313547,-1.599540103177091,0.25948068683574954
3.063586945884629,-1.5690277170206604,0.38691968544340527
2.868571500095919,-1.587979217561296,0.3328194246785395
3.2377878869692562,-1.558658251886281,0.3333946397478496
3.1206232437954444,-1.5800708967359838,0.31380611274737574
2.7390262916744836,-1.5599374805519046,0.40432545607536174
3.317944461576845,-1.6085370158967298,0.310095906903422
2.7867201079843587,-1.5680091741019315,0.29172148226107925
3.023726890626393,-1.5714870908362415,0.19020611715511124
2.8796095771501764,-1.5988395854673745,0.24635731455401227
3.0851015127260273,-1.5716341773671212,0.2622381683827033
2.865314161972602,-1.5567499122583848,0.3887794035647473
3.0660410535782083,-1.5707032071317026,0.36697057082602885
2.8227810949781404,-1.6260673322216341,0.565978154897544
2.9772154007631557,-1.5948015186263682,0.32530136753811995
2.8666177204133705,-1.5681893071853583,0.33977425539431405
3.2788986778985034,-1.6028623356243832,0.34098406808651527
2.882473742122087,-1.632619973736327,0.36776980507178847
2.9324833333869127,-1.5682488212781445,0.3084506298670513
3.3125380178477646,-1.5564331699853138,0.319947698878121
3.245745432989893,-1.572622037595613,0.36637010029049416
2.9512119145477502,-1.6472713176339853,0.3815391019113761
2.9777396479177005,-1.608468451196874,0.2936358290355913
3.242166350850982,-1.5894428683704704,0.28002524374562293
2.9465948064821244,-1.6067853780972794,0.4465595726134844
3.2970426674020823,-1.5913591469828607,0.2831406335610642
3.2044787144230926,-1.5429446412238805,0.5134474097843055
2.5291795091568128,-1.5651282075537836,0.3585998568626372
2.7041977599207536,-1.6166177174010476,0.4329358334443253
2.5079886913630474,-1.5854234046094562,0.32753866000277865
2.9982669930951817,-1.5969881234297236,0.40804202958516494
2.9228182708859642,-1.5885869628027038,0.33051348697724164
2.8677019894098694,-1.564585553932001,0.4372222071232632
3.2124168000900593,-1.563627866492961,0.15023054699793917
3.341630383867235,-1.5634401957119017,0.33227853223220766
2.9976311007953083,-1.494450933924228,0.6036674086316425
3.3917760044219922,-1.5307858540875867,0.2838045509331656
2.8876199183907962,-1.590656468302847,0.358577275114588
3.1339034796534726,-1.5579039092099733,0.4083619648888088
2.9207010234234745,-1.583807263719911,0.4877724990748447
3.1619379789387305,-1.6154123238420612,0.2984367457518708
2.792430976793498,-1.584001466363073,0.26020695481243833
2.9228756981802273,-1.5891843359822857,0.31762475262753165
2.926240709372728,-1.592221559624114,0.42924756666749847
3.0182120444005713,-1.5866830914406718,0.49045106633086
3.014803221159979,-1.6098323658938947,0.42460672550556217
3.0267704440379437,-1.6223126252339448,0.3478485290084133
2.9927409147492625,-1.5873284425354104,0.45254624789530684
2.817827029754542,-1.6713661960579296,0.4738860109707606
3.027797750719676,-1.5870710593842807,0.24839509670026588
3.2665245791008743,-1.5718981645781183,0.3607575336593063
3.376557084382569,-1.5994219038022088,0.30851422876574897
3.09127678325624,-1.627927240609179,0.26370032221947426
2.82662990740552,-1.6062977021203562,0.26067652312205153
2.7677101950544687,-1.6102855621691687,0.32967708159473397
3.0980221218510042,-1.5869528525662955,0.35229757537504014
3.3950219056078192,-1.5840479683668045,0.3268785138679497
3.1522354679402715,-1.5226129809756148,0.2987882182173504
3.16688086726764,-1.5122479884791724,0.2570505153416671
3.37163843620085,-1.585750894052926,0.3216323491972311
2.9603582457695725,-1.5214524046258293,0.1668305993469236
3.2307772532857846,-1.5918318538906435,0.3090267156151904
3.2177552594473853,-1.5974375477471767,0.34114980097265307
3.2521773730048307,-1.5137150942672446,0.3396456793046291
3.126840031833683,-1.5548483966821667,0.38830615801808316
3.375737325690647,-1.5563119586187748,0.3229361782400055
2.8116372040360416,-1.6318498214704127,0.39577061170058747
3.0510259051101727,-1.554467755353684,0.1877791841286405
3.212151096364983,-1.5718314283771126,0.36087690760735874
3.388187750889914,-1.5905774485383852,0.3877204544287104
2.8927808852104646,-1.6801286860465958,0.48096224869702825
3.1563464801530228,-1.5785811254716637,0.4729604256141032
2.7512199006927123,-1.5721506648204329,0.41065709942556483
2.877292137234703,-1.6271276515103,0.43965406409629343
3.311593180439085,-1.5361037937402118,0.47283278253774763
2.758162177125116,-1.5886569733548566,0.43785792199198353
2.9911551531950273,-1.5232487166301427,0.4018628891014999
2.887369883734485,-1.5705909859069773,0.4200068394244611
2.8826321832383286,-1.6394558590358885,0.35945740127798625
3.194617904726865,-1.544420748537194,0.36707864278917157
3.029312828557975,-1.545834797662632,0.3445290931157798
3.1832842325917876,-1.6316548429121596,0.25645583099522623
3.056560894146438,-1.5205789611918423,0.4222752271556584
3.0593406906066734,-1.633942359733238,0.37168340211466944
2.838531791708757,-1.5603988284537131,0.3996080102261824
2.9499363050986878,-1.5991564185514482,0.3534356198216543
2.8956310042512494,-1.563657419372685,0.33691010728452614
2.9933168578996074,-1.6300681619347777,0.37704537879299355
3.392740970451445,-1.537297689517241,0.38280044646147804
2.868054904380666,-1.60643039351325,0.38619827302463655
3.1121686585052184,-1.611901055393596,0.2385324590027871
